,OrderSysID,StrategyName,FundID,TradingDate,ExchangeTime,InstrID,TradeID,Exchange,Direction,OffsetFlag,Price,Volume,Fee
0,    12075089,003,Zefeng_1,2019-10-24,2019-10-24 10:32:00.000000,rb2001,     1421804,2,0,0,3289.0,2,7.2358
1,    12075096,003,Zefeng_1,2019-10-24,2019-10-24 10:32:00.000000,ni2001,     1421805,2,1,0,130730.0,1,6.6
2,2019102405453840,Plus,Zefeng_1,2019-10-24,2019-10-24 10:32:02.000000,SR001,2019102401757690,4,0,0,5505.0,1,3.3
3,2019102405453588,003,Zefeng_1,2019-10-24,2019-10-24 10:32:03.000000,MA001,2019102401757977,4,0,0,2121.0,3,6.6
4,    30868429,Plus,Zefeng_1,2019-10-24,2019-10-24 10:32:04.000000,jm2001,    30380209,3,0,0,1250.5,1,4.95198
5,    13196711,003,Zefeng_1,2019-10-24,2019-10-24 10:32:04.000000,p2001,    10436226,3,1,0,4920.0,2,5.5
6,    12075807,Plus,Zefeng_1,2019-10-24,2019-10-24 10:32:04.000000,au1912,     1421959,2,1,0,341.25,1,11.0
7,    12075302,Plus,Zefeng_1,2019-10-24,2019-10-24 10:32:05.000000,rb2001,     1422015,2,1,0,3289.0,1,3.6179
8,    12075307,Plus,Zefeng_1,2019-10-24,2019-10-24 10:32:06.000000,ag1912,     1422090,2,1,0,4305.0,1,3.551625
9,    30868402,003,Zefeng_1,2019-10-24,2019-10-24 10:32:11.000000,pp2001,    30380298,3,1,0,8104.0,2,5.34864
10,    30868402,003,Zefeng_1,2019-10-24,2019-10-24 10:32:11.000000,pp2001,    30380299,3,1,0,8104.0,1,2.67432
11,    30868430,Plus,Zefeng_1,2019-10-24,2019-10-24 10:32:12.000000,pp2001,    30380312,3,1,0,8104.0,1,2.67432
12,    30868403,003,Zefeng_1,2019-10-24,2019-10-24 10:32:14.000000,i2001,    30380438,3,0,0,620.0,3,12.276
13,    30868432,Plus,Zefeng_1,2019-10-24,2019-10-24 10:32:14.000000,i2001,    30380439,3,0,0,620.0,1,4.092
14,    12075306,Plus,Zefeng_1,2019-10-24,2019-10-24 10:32:16.000000,sn2001,     1423152,2,0,0,137940.0,1,3.3
15,    12075594,003,Zefeng_1,2019-10-24,2019-10-24 10:32:16.000000,sn2001,     1423153,2,0,0,137940.0,1,3.3
16,2019102405454391,Plus,Zefeng_1,2019-10-24,2019-10-24 10:32:26.000000,FG001,2019102401760410,4,0,0,1513.0,2,6.6
17,    30868400,003,Zefeng_1,2019-10-24,2019-10-24 10:32:33.000000,jm2001,    30380732,3,1,0,1251.0,1,4.95396
18,2019102405453862,Plus,Zefeng_1,2019-10-24,2019-10-24 10:32:35.000000,RM001,2019102401761122,4,0,0,2362.0,1,1.65
19,2019102405454385,Plus,Zefeng_1,2019-10-24,2019-10-24 10:32:39.000000,CF001,2019102401761606,4,1,0,12790.0,1,4.73
20,    12075097,003,Zefeng_1,2019-10-24,2019-10-24 10:32:43.000000,pb1912,     1424888,2,0,0,16660.0,1,3.6652
21,    12075305,Plus,Zefeng_1,2019-10-24,2019-10-24 10:32:50.000000,zn1912,     1425151,2,1,0,18850.0,1,3.3
22,    12075595,003,Zefeng_1,2019-10-24,2019-10-24 10:32:50.000000,zn1912,     1425152,2,1,0,18850.0,4,13.2
23,2019102405453877,Plus,Zefeng_1,2019-10-24,2019-10-24 10:32:51.000000,TA001,2019102401762614,4,1,0,4896.0,1,3.3
24,    12075097,003,Zefeng_1,2019-10-24,2019-10-24 10:32:52.000000,pb1912,     1425236,2,0,0,16660.0,1,3.6652
25,    12075103,003,Zefeng_1,2019-10-24,2019-10-24 10:32:55.000000,hc2001,     1425532,2,1,0,3317.0,4,14.5948
26,    12075308,Plus,Zefeng_1,2019-10-24,2019-10-24 10:32:55.000000,hc2001,     1425535,2,1,0,3317.0,1,3.6487
27,    13195942,Plus,Zefeng_1,2019-10-24,2019-10-24 10:32:57.000000,a2001,    10438585,3,1,0,3393.0,2,4.4
28,    12075098,003,Zefeng_1,2019-10-24,2019-10-24 10:33:09.000000,pb1911,     1426406,2,0,0,16700.0,1,3.674
29,    12075593,003,Zefeng_1,2019-10-24,2019-10-24 10:33:25.000000,cu1912,     1427139,2,0,0,47380.0,1,13.0295
30,    13195943,Plus,Zefeng_1,2019-10-24,2019-10-24 10:34:23.000000,m2001,    10441981,3,0,0,3050.0,2,3.3
31,    13230316,Plus,Zefeng_1,2019-10-24,2019-10-24 10:34:29.000000,a2001,    10442195,3,1,0,3394.0,1,2.2
32,    13230511,003,Zefeng_1,2019-10-24,2019-10-24 10:34:31.000000,p2001,    10442304,3,1,0,4930.0,2,5.5
33,    12162555,003,Zefeng_1,2019-10-24,2019-10-24 10:34:32.000000,hc2001,     1430084,2,1,0,3316.0,3,10.9428
34,    30876419,003,Zefeng_1,2019-10-24,2019-10-24 10:34:45.000000,pp2001,    30384087,3,1,0,8109.0,2,5.35194
35,    12162551,003,Zefeng_1,2019-10-24,2019-10-24 10:34:57.000000,pb1912,     1431304,2,0,0,16660.0,1,3.6652
36,    12162552,003,Zefeng_1,2019-10-24,2019-10-24 10:35:02.000000,rb2001,     1431636,2,0,0,3288.0,1,3.6168
37,    30868431,Plus,Zefeng_1,2019-10-24,2019-10-24 10:35:02.000000,l2001,    30384587,3,1,0,7350.0,1,2.2
38,2019102405487907,003,Zefeng_1,2019-10-24,2019-10-24 10:35:04.000000,OI001,2019102401774714,4,0,0,7160.0,1,2.2
39,2019102405487907,003,Zefeng_1,2019-10-24,2019-10-24 10:35:04.000000,OI001,2019102401774716,4,0,0,7160.0,1,2.2
40,    12163108,003,Zefeng_1,2019-10-24,2019-10-24 10:35:14.000000,zn1912,     1432298,2,1,0,18850.0,4,13.2
41,    30876418,003,Zefeng_1,2019-10-24,2019-10-24 10:35:36.000000,i2001,    30386517,3,0,0,619.5,2,8.1774
42,    12076738,003,Zefeng_1,2019-10-24,2019-10-24 10:35:37.000000,al1912,     1433306,2,1,0,13835.0,1,3.3
43,2019102405519815,Plus,Zefeng_1,2019-10-24,2019-10-24 10:35:39.000000,ZC001,2019102401778104,4,1,0,554.0,1,4.4
44,    13195938,Plus,Zefeng_1,2019-10-24,2019-10-24 10:35:46.000000,cs2001,    10445477,3,1,0,2196.0,2,3.3
45,    13230317,Plus,Zefeng_1,2019-10-24,2019-10-24 10:35:46.000000,cs2001,    10445514,3,1,0,2196.0,2,3.3
46,    12075301,Plus,Zefeng_1,2019-10-24,2019-10-24 10:35:57.000000,bu1912,     1435147,2,1,0,2996.0,1,3.2956
47,    13195944,Plus,Zefeng_1,2019-10-24,2019-10-24 10:36:04.000000,c2001,    10446372,3,1,0,1832.0,1,1.32
48,    13233938,Plus,Zefeng_1,2019-10-24,2019-10-24 10:36:04.000000,c2001,    10446435,3,1,0,1832.0,1,1.32
49,    12224961,003,Zefeng_1,2019-10-24,2019-10-24 10:36:10.000000,ni2001,     1436257,2,1,0,130580.0,1,6.6
50,2019102405525247,Plus,Zefeng_1,2019-10-24,2019-10-24 10:36:13.000000,RM001,2019102401780275,4,0,0,2364.0,1,1.65
51,    13243746,003,Zefeng_1,2019-10-24,2019-10-24 10:36:19.000000,y2001,    10447223,3,0,0,6072.0,1,2.75
52,    12076893,Plus,Zefeng_1,2019-10-24,2019-10-24 10:36:27.000000,al1912,     1437141,2,1,0,13835.0,1,3.3
53,2019102405487789,003,Zefeng_1,2019-10-24,2019-10-24 10:36:28.000000,MA001,2019102401781983,4,0,0,2120.0,3,6.6
54,    12224960,003,Zefeng_1,2019-10-24,2019-10-24 10:36:29.000000,pb1911,     1437264,2,0,0,16700.0,1,3.674
55,    30868399,003,Zefeng_1,2019-10-24,2019-10-24 10:36:41.000000,v2001,    30388357,3,0,0,6330.0,8,17.6
56,    30868399,003,Zefeng_1,2019-10-24,2019-10-24 10:36:42.000000,v2001,    30388365,3,0,0,6330.0,1,2.2
57,    30868399,003,Zefeng_1,2019-10-24,2019-10-24 10:36:42.000000,v2001,    30388366,3,0,0,6330.0,1,2.2
58,    30876420,003,Zefeng_1,2019-10-24,2019-10-24 10:36:42.000000,v2001,    30388382,3,0,0,6330.0,3,6.6
59,    30876420,003,Zefeng_1,2019-10-24,2019-10-24 10:36:42.000000,v2001,    30388383,3,0,0,6330.0,7,15.4
60,    12254073,003,Zefeng_1,2019-10-24,2019-10-24 10:36:57.000000,rb2001,     1440115,2,0,0,3287.0,1,3.6157
61,    13270534,Plus,Zefeng_1,2019-10-24,2019-10-24 10:36:57.000000,m2001,    10449755,3,0,0,3053.0,1,1.65
62,    12254056,003,Zefeng_1,2019-10-24,2019-10-24 10:36:57.000000,hc2001,     1440120,2,1,0,3314.0,1,3.6454
63,    12254056,003,Zefeng_1,2019-10-24,2019-10-24 10:36:57.000000,hc2001,     1440121,2,1,0,3314.0,2,7.2908
64,2019102405538903,003,Zefeng_1,2019-10-24,2019-10-24 10:36:58.000000,TA001,2019102401785514,4,1,0,4892.0,6,19.8
65,2019102405539064,Plus,Zefeng_1,2019-10-24,2019-10-24 10:36:58.000000,TA001,2019102401785531,4,1,0,4892.0,1,3.3
66,    30886460,003,Zefeng_1,2019-10-24,2019-10-24 10:37:04.000000,pp2001,    30389000,3,1,0,8105.0,1,2.67465
67,    30886460,003,Zefeng_1,2019-10-24,2019-10-24 10:37:05.000000,pp2001,    30389009,3,1,0,8105.0,1,2.67465
68,    13270593,003,Zefeng_1,2019-10-24,2019-10-24 10:37:09.000000,p2001,    10450305,3,1,0,4934.0,2,5.5
69,    12187547,003,Zefeng_1,2019-10-24,2019-10-24 10:37:55.000000,al1912,     1443174,2,1,0,13835.0,1,3.3
70,    12255759,Plus,Zefeng_1,2019-10-24,2019-10-24 10:37:55.000000,al1912,     1443209,2,1,0,13835.0,1,3.3
71,    30888017,003,Zefeng_1,2019-10-24,2019-10-24 10:38:04.000000,jm2001,    30389898,3,1,0,1250.5,1,4.95198
72,2019102405608832,Plus,Zefeng_1,2019-10-24,2019-10-24 10:38:13.000000,SR001,2019102401799245,4,0,0,5511.0,1,3.3
73,    12293215,003,Zefeng_1,2019-10-24,2019-10-24 10:38:19.000000,al1912,     1444382,2,1,0,13835.0,1,3.3
74,    30877174,003,Zefeng_1,2019-10-24,2019-10-24 10:38:20.000000,jm2001,    30390254,3,1,0,1251.0,1,4.95396
75,    12254452,003,Zefeng_1,2019-10-24,2019-10-24 10:39:08.000000,zn1912,     1446805,2,1,0,18850.0,4,13.2
76,    13270535,Plus,Zefeng_1,2019-10-24,2019-10-24 10:39:10.000000,a2001,    10457005,3,1,0,3396.0,1,2.2
77,2019102405538917,003,Zefeng_1,2019-10-24,2019-10-24 10:39:17.000000,MA001,2019102401808167,4,0,0,2118.0,3,6.6
78,    30868401,003,Zefeng_1,2019-10-24,2019-10-24 10:39:22.000000,j2001,    30391534,3,1,0,1765.5,1,11.6523
79,    12324174,003,Zefeng_1,2019-10-24,2019-10-24 10:39:23.000000,hc2001,     1447431,2,1,0,3317.0,3,10.9461
80,2019102405678275,003,Zefeng_1,2019-10-24,2019-10-24 10:39:29.000000,OI001,2019102401809352,4,0,0,7178.0,2,4.4
81,    13324698,003,Zefeng_1,2019-10-24,2019-10-24 10:39:33.000000,p2001,    10457827,3,1,0,4936.0,1,2.75
82,    13324419,Plus,Zefeng_1,2019-10-24,2019-10-24 10:39:34.000000,m2001,    10458037,3,0,0,3055.0,1,1.65
83,    30892871,003,Zefeng_1,2019-10-24,2019-10-24 10:39:34.000000,i2001,    30391851,3,0,0,620.5,2,8.1906
84,    12324177,003,Zefeng_1,2019-10-24,2019-10-24 10:39:36.000000,rb2001,     1447993,2,0,0,3289.0,1,3.6179
85,2019102405487936,Plus,Zefeng_1,2019-10-24,2019-10-24 10:39:40.000000,FG001,2019102401810320,4,0,0,1513.0,1,3.3
86,2019102405487936,Plus,Zefeng_1,2019-10-24,2019-10-24 10:39:40.000000,FG001,2019102401810379,4,0,0,1513.0,1,3.3
87,    13324411,Plus,Zefeng_1,2019-10-24,2019-10-24 10:39:49.000000,cs2001,    10458711,3,1,0,2197.0,2,3.3
88,2019102405677962,003,Zefeng_1,2019-10-24,2019-10-24 10:40:11.000000,MA001,2019102401812329,4,0,0,2118.0,3,6.6
89,    12254667,003,Zefeng_1,2019-10-24,2019-10-24 10:40:27.000000,cu1912,     1450450,2,0,0,47370.0,1,13.02675
90,    13346982,Plus,Zefeng_1,2019-10-24,2019-10-24 10:40:29.000000,jd2001,    10459691,3,0,0,4691.0,1,7.74015
91,    30895185,003,Zefeng_1,2019-10-24,2019-10-24 10:40:35.000000,l2001,    30393205,3,0,0,7350.0,1,2.2
92,    12344998,Plus,Zefeng_1,2019-10-24,2019-10-24 10:40:35.000000,hc2001,     1450879,2,1,0,3317.0,1,3.6487
93,    12324178,003,Zefeng_1,2019-10-24,2019-10-24 10:40:50.000000,pb1912,     1451580,2,0,0,16670.0,1,3.6674
94,    13324417,Plus,Zefeng_1,2019-10-24,2019-10-24 10:40:58.000000,a2001,    10460409,3,1,0,3397.0,1,2.2
95,    30892873,003,Zefeng_1,2019-10-24,2019-10-24 10:41:22.000000,v2001,    30394451,3,0,0,6330.0,1,2.2
96,    30892873,003,Zefeng_1,2019-10-24,2019-10-24 10:41:22.000000,v2001,    30394452,3,0,0,6330.0,3,6.6
97,2019102405724227,Plus,Zefeng_1,2019-10-24,2019-10-24 10:41:23.000000,MA001,2019102401825274,4,1,0,2118.0,1,2.2
98,    12344406,003,Zefeng_1,2019-10-24,2019-10-24 10:41:23.000000,pb1911,     1452851,2,0,0,16705.0,1,3.6751
99,2019102405608654,Plus,Zefeng_1,2019-10-24,2019-10-24 10:41:24.000000,MA001,2019102401825408,4,1,0,2119.0,1,2.2
100,    30892873,003,Zefeng_1,2019-10-24,2019-10-24 10:41:25.000000,v2001,    30394517,3,0,0,6330.0,1,2.2
101,    30892872,003,Zefeng_1,2019-10-24,2019-10-24 10:41:25.000000,pp2001,    30394543,3,1,0,8108.0,2,5.35128
102,    30892873,003,Zefeng_1,2019-10-24,2019-10-24 10:41:35.000000,v2001,    30394865,3,0,0,6330.0,1,2.2
103,    30892873,003,Zefeng_1,2019-10-24,2019-10-24 10:41:38.000000,v2001,    30394922,3,0,0,6330.0,1,2.2
104,    30892873,003,Zefeng_1,2019-10-24,2019-10-24 10:41:41.000000,v2001,    30394960,3,0,0,6330.0,3,6.6
105,    12345012,Plus,Zefeng_1,2019-10-24,2019-10-24 10:41:48.000000,bu1912,     1453857,2,1,0,2994.0,1,3.2934
106,    12344404,003,Zefeng_1,2019-10-24,2019-10-24 10:41:48.000000,ni2001,     1453925,2,1,0,130430.0,1,6.6
107,    30900519,003,Zefeng_1,2019-10-24,2019-10-24 10:41:51.000000,pp2001,    30395209,3,1,0,8110.0,1,2.6763
108,    30900519,003,Zefeng_1,2019-10-24,2019-10-24 10:41:51.000000,pp2001,    30395221,3,1,0,8110.0,1,2.6763
109,2019102405453845,Plus,Zefeng_1,2019-10-24,2019-10-24 10:41:54.000000,MA001,2019102401828682,4,1,0,2122.0,1,2.2
110,2019102405505248,Plus,Zefeng_1,2019-10-24,2019-10-24 10:41:54.000000,MA001,2019102401828765,4,1,0,2122.0,1,2.2
111,    13372157,003,Zefeng_1,2019-10-24,2019-10-24 10:41:59.000000,p2001,    10462175,3,1,0,4936.0,1,2.75
112,    13371895,Plus,Zefeng_1,2019-10-24,2019-10-24 10:42:14.000000,a2001,    10462459,3,1,0,3396.0,1,2.2
113,    13253851,Plus,Zefeng_1,2019-10-24,2019-10-24 10:42:14.000000,jd2001,    10462480,3,0,0,4688.0,1,7.7352
114,    12390902,003,Zefeng_1,2019-10-24,2019-10-24 10:42:28.000000,pb1912,     1455495,2,0,0,16665.0,1,3.6663
115,    13380367,003,Zefeng_1,2019-10-24,2019-10-24 10:43:14.000000,y2001,    10463541,3,0,0,6076.0,1,2.75
116,2019102405750139,Plus,Zefeng_1,2019-10-24,2019-10-24 10:43:19.000000,ZC001,2019102401839666,4,1,0,554.0,1,4.4
117,    30903230,003,Zefeng_1,2019-10-24,2019-10-24 10:43:30.000000,jm2001,    30396811,3,1,0,1251.5,1,4.95594
118,    12345008,Plus,Zefeng_1,2019-10-24,2019-10-24 10:43:40.000000,ag1912,     1458574,2,1,0,4305.0,1,3.551625
119,    13371896,Plus,Zefeng_1,2019-10-24,2019-10-24 10:43:42.000000,m2001,    10464654,3,0,0,3053.0,1,1.65
120,2019102405697230,Plus,Zefeng_1,2019-10-24,2019-10-24 10:43:44.000000,RM001,2019102401844913,4,0,0,2364.0,1,1.65
121,2019102405677960,003,Zefeng_1,2019-10-24,2019-10-24 10:43:57.000000,TA001,2019102401846451,4,1,0,4894.0,2,6.6
122,2019102405677960,003,Zefeng_1,2019-10-24,2019-10-24 10:43:58.000000,TA001,2019102401846453,4,1,0,4894.0,4,13.2
123,2019102405678084,Plus,Zefeng_1,2019-10-24,2019-10-24 10:43:58.000000,TA001,2019102401846455,4,1,0,4894.0,1,3.3
124,2019102405736085,003,Zefeng_1,2019-10-24,2019-10-24 10:43:58.000000,TA001,2019102401846513,4,1,0,4894.0,6,19.8
125,2019102405736105,Plus,Zefeng_1,2019-10-24,2019-10-24 10:43:58.000000,TA001,2019102401846515,4,1,0,4894.0,1,3.3
126,    12390899,003,Zefeng_1,2019-10-24,2019-10-24 10:44:09.000000,hc2001,     1460305,2,1,0,3317.0,2,7.2974
127,    30908833,003,Zefeng_1,2019-10-24,2019-10-24 10:44:16.000000,pp2001,    30399411,3,1,0,8122.0,1,2.68026
128,    30908833,003,Zefeng_1,2019-10-24,2019-10-24 10:44:16.000000,pp2001,    30399412,3,1,0,8122.0,1,2.68026
129,    13396587,Plus,Zefeng_1,2019-10-24,2019-10-24 10:44:18.000000,a2001,    10466900,3,1,0,3398.0,1,2.2
130,2019102405781442,003,Zefeng_1,2019-10-24,2019-10-24 10:44:18.000000,OI001,2019102401848985,4,0,0,7185.0,2,4.4
131,    13396808,003,Zefeng_1,2019-10-24,2019-10-24 10:44:21.000000,p2001,    10467205,3,1,0,4946.0,1,2.75
132,    13396589,Plus,Zefeng_1,2019-10-24,2019-10-24 10:44:23.000000,cs2001,    10467277,3,1,0,2196.0,2,3.3
133,    12390899,003,Zefeng_1,2019-10-24,2019-10-24 10:44:28.000000,hc2001,     1460922,2,1,0,3317.0,1,3.6487
134,    12456632,003,Zefeng_1,2019-10-24,2019-10-24 10:44:30.000000,ni2001,     1461047,2,1,0,130480.0,1,6.6
135,    13396592,Plus,Zefeng_1,2019-10-24,2019-10-24 10:44:34.000000,m2001,    10467738,3,0,0,3053.0,1,1.65
136,2019102405782548,Plus,Zefeng_1,2019-10-24,2019-10-24 10:44:34.000000,OI001,2019102401850041,4,0,0,7185.0,1,2.2
137,2019102405781566,Plus,Zefeng_1,2019-10-24,2019-10-24 10:44:35.000000,RM001,2019102401850161,4,0,0,2364.0,1,1.65
138,    13397313,Plus,Zefeng_1,2019-10-24,2019-10-24 10:44:37.000000,jd2001,    10468151,3,0,0,4689.0,1,7.73685
139,2019102405781216,003,Zefeng_1,2019-10-24,2019-10-24 10:44:38.000000,MA001,2019102401850529,4,0,0,2125.0,1,2.2
140,2019102405781216,003,Zefeng_1,2019-10-24,2019-10-24 10:44:38.000000,MA001,2019102401850544,4,0,0,2125.0,1,2.2
141,    12456185,003,Zefeng_1,2019-10-24,2019-10-24 10:44:59.000000,rb2001,     1462353,2,0,0,3289.0,1,3.6179
142,2019102405736191,003,Zefeng_1,2019-10-24,2019-10-24 10:45:05.000000,OI001,2019102401854603,4,0,0,7181.0,2,4.4
143,2019102405539167,Plus,Zefeng_1,2019-10-24,2019-10-24 10:45:05.000000,FG001,2019102401854703,4,0,0,1513.0,1,3.3
144,    30895131,003,Zefeng_1,2019-10-24,2019-10-24 10:45:11.000000,jm2001,    30401617,3,1,0,1252.0,1,4.95792
145,    30908832,003,Zefeng_1,2019-10-24,2019-10-24 10:45:12.000000,i2001,    30401722,3,0,0,621.0,2,8.1972
146,    12391584,003,Zefeng_1,2019-10-24,2019-10-24 10:45:13.000000,cu1912,     1463174,2,0,0,47360.0,1,13.024
147,    13230319,Plus,Zefeng_1,2019-10-24,2019-10-24 10:45:18.000000,m2001,    10469967,3,0,0,3051.0,2,3.3
148,    30910006,Plus,Zefeng_1,2019-10-24,2019-10-24 10:45:21.000000,jm2001,    30402074,3,0,0,1251.5,1,4.95594
149,2019102405781221,003,Zefeng_1,2019-10-24,2019-10-24 10:45:37.000000,TA001,2019102401861199,4,1,0,4896.0,6,19.8
150,2019102405781284,Plus,Zefeng_1,2019-10-24,2019-10-24 10:45:37.000000,TA001,2019102401861201,4,1,0,4896.0,1,3.3
151,    30900516,003,Zefeng_1,2019-10-24,2019-10-24 10:45:52.000000,v2001,    30403107,3,0,0,6330.0,3,6.6
152,    12390903,003,Zefeng_1,2019-10-24,2019-10-24 10:45:57.000000,rb2001,     1464892,2,0,0,3288.0,1,3.6168
153,    30915451,003,Zefeng_1,2019-10-24,2019-10-24 10:45:58.000000,jm2001,    30403228,3,1,0,1251.5,1,4.95594
154,    30900516,003,Zefeng_1,2019-10-24,2019-10-24 10:46:08.000000,v2001,    30403412,3,0,0,6330.0,1,2.2
155,    30900517,003,Zefeng_1,2019-10-24,2019-10-24 10:46:12.000000,i2001,    30403577,3,0,0,620.5,2,8.1906
156,    30900516,003,Zefeng_1,2019-10-24,2019-10-24 10:46:12.000000,v2001,    30403680,3,0,0,6330.0,1,2.2
157,    30900516,003,Zefeng_1,2019-10-24,2019-10-24 10:46:21.000000,v2001,    30403853,3,0,0,6330.0,1,2.2
158,    30900516,003,Zefeng_1,2019-10-24,2019-10-24 10:46:22.000000,v2001,    30403875,3,0,0,6330.0,1,2.2
159,    30900516,003,Zefeng_1,2019-10-24,2019-10-24 10:46:22.000000,v2001,    30403876,3,0,0,6330.0,2,4.4
160,    12456633,003,Zefeng_1,2019-10-24,2019-10-24 10:46:28.000000,pb1911,     1466989,2,0,0,16705.0,1,3.6751
161,    30900516,003,Zefeng_1,2019-10-24,2019-10-24 10:46:41.000000,v2001,    30404169,3,0,0,6330.0,1,2.2
162,    30908831,003,Zefeng_1,2019-10-24,2019-10-24 10:46:45.000000,v2001,    30404233,3,0,0,6330.0,2,4.4
163,    12532256,003,Zefeng_1,2019-10-24,2019-10-24 10:46:46.000000,cu1912,     1467848,2,0,0,47370.0,1,13.02675
164,    30908831,003,Zefeng_1,2019-10-24,2019-10-24 10:46:51.000000,v2001,    30404295,3,0,0,6330.0,1,2.2
165,    30918876,003,Zefeng_1,2019-10-24,2019-10-24 10:46:51.000000,pp2001,    30404301,3,1,0,8111.0,1,2.67663
166,    30918876,003,Zefeng_1,2019-10-24,2019-10-24 10:46:52.000000,pp2001,    30404303,3,1,0,8111.0,1,2.67663
167,    30908831,003,Zefeng_1,2019-10-24,2019-10-24 10:46:52.000000,v2001,    30404304,3,0,0,6330.0,1,2.2
168,    30908831,003,Zefeng_1,2019-10-24,2019-10-24 10:46:52.000000,v2001,    30404305,3,0,0,6330.0,2,4.4
169,2019102405781350,Plus,Zefeng_1,2019-10-24,2019-10-24 10:46:59.000000,MA001,2019102401871151,4,1,0,2126.0,1,2.2
170,    12530380,003,Zefeng_1,2019-10-24,2019-10-24 10:47:00.000000,hc2001,     1468236,2,1,0,3315.0,3,10.9395
171,    30908831,003,Zefeng_1,2019-10-24,2019-10-24 10:47:12.000000,v2001,    30404622,3,0,0,6330.0,1,2.2
172,2019102405851923,Plus,Zefeng_1,2019-10-24,2019-10-24 10:47:13.000000,ZC001,2019102401872776,4,1,0,554.0,1,4.4
173,2019102405872528,Plus,Zefeng_1,2019-10-24,2019-10-24 10:47:17.000000,FG001,2019102401873260,4,0,0,1514.0,1,3.3
174,    13434350,003,Zefeng_1,2019-10-24,2019-10-24 10:47:20.000000,y2001,    10473856,3,0,0,6078.0,1,2.75
175,    30908831,003,Zefeng_1,2019-10-24,2019-10-24 10:47:21.000000,v2001,    30404722,3,0,0,6330.0,1,2.2
176,    30908831,003,Zefeng_1,2019-10-24,2019-10-24 10:47:22.000000,v2001,    30404732,3,0,0,6330.0,1,2.2
177,    30908831,003,Zefeng_1,2019-10-24,2019-10-24 10:47:22.000000,v2001,    30404733,3,0,0,6330.0,1,2.2
178,    13447051,Plus,Zefeng_1,2019-10-24,2019-10-24 10:47:41.000000,a2001,    10474234,3,1,0,3400.0,1,2.2
179,    13447054,Plus,Zefeng_1,2019-10-24,2019-10-24 10:47:42.000000,m2001,    10474263,3,0,0,3052.0,1,1.65
180,2019102405886966,Plus,Zefeng_1,2019-10-24,2019-10-24 10:48:04.000000,MA001,2019102401878037,4,1,0,2126.0,1,2.2
181,2019102405781804,Plus,Zefeng_1,2019-10-24,2019-10-24 10:48:07.000000,SR001,2019102401878643,4,0,0,5510.0,1,3.3
182,    30918873,003,Zefeng_1,2019-10-24,2019-10-24 10:48:08.000000,v2001,    30405220,3,0,0,6330.0,1,2.2
183,    30918873,003,Zefeng_1,2019-10-24,2019-10-24 10:48:11.000000,v2001,    30405245,3,0,0,6330.0,1,2.2
184,    30918873,003,Zefeng_1,2019-10-24,2019-10-24 10:48:12.000000,v2001,    30405255,3,0,0,6330.0,1,2.2
185,    30918873,003,Zefeng_1,2019-10-24,2019-10-24 10:48:13.000000,v2001,    30405258,3,0,0,6330.0,2,4.4
186,    30918873,003,Zefeng_1,2019-10-24,2019-10-24 10:48:21.000000,v2001,    30405312,3,0,0,6330.0,1,2.2
187,    30918873,003,Zefeng_1,2019-10-24,2019-10-24 10:48:22.000000,v2001,    30405379,3,0,0,6330.0,4,8.8
188,    12572353,Plus,Zefeng_1,2019-10-24,2019-10-24 10:48:21.000000,hc2001,     1470851,2,1,0,3316.0,1,3.6476
189,    12570905,003,Zefeng_1,2019-10-24,2019-10-24 10:48:26.000000,ni2001,     1470953,2,1,0,130460.0,1,6.6
190,    12456181,003,Zefeng_1,2019-10-24,2019-10-24 10:48:26.000000,hc2001,     1471030,2,1,0,3317.0,3,10.9461
191,    13426363,Plus,Zefeng_1,2019-10-24,2019-10-24 10:48:44.000000,c2001,    10476016,3,1,0,1832.0,1,1.32
192,    13464730,Plus,Zefeng_1,2019-10-24,2019-10-24 10:48:44.000000,c2001,    10476062,3,1,0,1832.0,1,1.32
193,    13447053,Plus,Zefeng_1,2019-10-24,2019-10-24 10:48:44.000000,cs2001,    10476100,3,1,0,2196.0,1,1.65
194,    13447053,Plus,Zefeng_1,2019-10-24,2019-10-24 10:48:44.000000,cs2001,    10476101,3,1,0,2196.0,1,1.65
195,2019102405872505,003,Zefeng_1,2019-10-24,2019-10-24 10:48:44.000000,OI001,2019102401881842,4,0,0,7178.0,1,2.2
196,    12532855,Plus,Zefeng_1,2019-10-24,2019-10-24 10:49:00.000000,al1912,     1473251,2,1,0,13825.0,1,3.3
197,    12547538,003,Zefeng_1,2019-10-24,2019-10-24 10:49:02.000000,al1912,     1473358,2,1,0,13825.0,1,3.3
198,    12531028,003,Zefeng_1,2019-10-24,2019-10-24 10:49:02.000000,zn1912,     1473360,2,1,0,18850.0,1,3.3
199,    12531028,003,Zefeng_1,2019-10-24,2019-10-24 10:49:02.000000,zn1912,     1473361,2,1,0,18850.0,1,3.3
200,    12531028,003,Zefeng_1,2019-10-24,2019-10-24 10:49:02.000000,zn1912,     1473362,2,1,0,18850.0,1,3.3
201,2019102405912264,Plus,Zefeng_1,2019-10-24,2019-10-24 10:49:12.000000,CF001,2019102401884594,4,1,0,12745.0,1,4.73
202,    12456186,003,Zefeng_1,2019-10-24,2019-10-24 10:49:12.000000,pb1912,     1473959,2,0,0,16660.0,1,3.6652
203,    12530391,003,Zefeng_1,2019-10-24,2019-10-24 10:49:12.000000,pb1912,     1473965,2,0,0,16660.0,1,3.6652
204,    12598544,003,Zefeng_1,2019-10-24,2019-10-24 10:49:12.000000,pb1912,     1473967,2,0,0,16660.0,1,3.6652
205,    12598543,003,Zefeng_1,2019-10-24,2019-10-24 10:49:14.000000,rb2001,     1474028,2,0,0,3290.0,1,3.619
206,    30923945,003,Zefeng_1,2019-10-24,2019-10-24 10:49:21.000000,pp2001,    30405855,3,1,0,8113.0,1,2.67729
207,    12572513,003,Zefeng_1,2019-10-24,2019-10-24 10:49:29.000000,sn2001,     1474820,2,0,0,138130.0,1,3.3
208,    30923945,003,Zefeng_1,2019-10-24,2019-10-24 10:49:31.000000,pp2001,    30405907,3,1,0,8113.0,1,2.67729
209,2019102405927149,003,Zefeng_1,2019-10-24,2019-10-24 10:49:32.000000,TA001,2019102401885855,4,1,0,4894.0,3,9.9
210,2019102405927149,003,Zefeng_1,2019-10-24,2019-10-24 10:49:32.000000,TA001,2019102401885857,4,1,0,4894.0,1,3.3
211,2019102405927149,003,Zefeng_1,2019-10-24,2019-10-24 10:49:32.000000,TA001,2019102401885859,4,1,0,4894.0,1,3.3
212,2019102405927168,Plus,Zefeng_1,2019-10-24,2019-10-24 10:49:32.000000,TA001,2019102401885861,4,1,0,4894.0,1,3.3
213,    12598537,003,Zefeng_1,2019-10-24,2019-10-24 10:49:34.000000,hc2001,     1475197,2,1,0,3317.0,3,10.9461
214,    30922438,003,Zefeng_1,2019-10-24,2019-10-24 10:49:34.000000,jm2001,    30406185,3,1,0,1251.5,1,4.95594
215,    13472503,Plus,Zefeng_1,2019-10-24,2019-10-24 10:49:48.000000,m2001,    10477213,3,0,0,3051.0,1,1.65
216,    13472517,003,Zefeng_1,2019-10-24,2019-10-24 10:49:48.000000,p2001,    10477293,3,1,0,4940.0,1,2.75
217,2019102405909693,Plus,Zefeng_1,2019-10-24,2019-10-24 10:49:48.000000,RM001,2019102401887647,4,0,0,2362.0,1,1.65
218,2019102405872408,003,Zefeng_1,2019-10-24,2019-10-24 10:49:54.000000,TA001,2019102401888573,4,1,0,4896.0,1,3.3
219,2019102405872408,003,Zefeng_1,2019-10-24,2019-10-24 10:49:54.000000,TA001,2019102401888575,4,1,0,4896.0,1,3.3
220,    30909246,003,Zefeng_1,2019-10-24,2019-10-24 10:50:00.000000,l2001,    30406574,3,0,0,7350.0,1,2.2
221,    30922476,003,Zefeng_1,2019-10-24,2019-10-24 10:50:00.000000,l2001,    30406666,3,0,0,7350.0,1,2.2
222,2019102405872408,003,Zefeng_1,2019-10-24,2019-10-24 10:50:00.000000,TA001,2019102401890706,4,1,0,4896.0,1,3.3
223,2019102405872408,003,Zefeng_1,2019-10-24,2019-10-24 10:50:01.000000,TA001,2019102401891472,4,1,0,4896.0,2,6.6
224,2019102405872428,Plus,Zefeng_1,2019-10-24,2019-10-24 10:50:01.000000,TA001,2019102401891474,4,1,0,4896.0,1,3.3
225,    12572355,Plus,Zefeng_1,2019-10-24,2019-10-24 10:50:05.000000,zn1912,     1477980,2,1,0,18850.0,1,3.3
226,2019102405951003,Plus,Zefeng_1,2019-10-24,2019-10-24 10:50:23.000000,SR001,2019102401896022,4,0,0,5513.0,1,3.3
227,2019102405948502,Plus,Zefeng_1,2019-10-24,2019-10-24 10:50:28.000000,MA001,2019102401896645,4,1,0,2127.0,1,2.2
228,    30923941,003,Zefeng_1,2019-10-24,2019-10-24 10:50:49.000000,v2001,    30408536,3,0,0,6330.0,5,11.0
229,    30923941,003,Zefeng_1,2019-10-24,2019-10-24 10:50:51.000000,v2001,    30408586,3,0,0,6330.0,1,2.2
230,    30923941,003,Zefeng_1,2019-10-24,2019-10-24 10:50:52.000000,v2001,    30408606,3,0,0,6330.0,2,4.4
231,    30923941,003,Zefeng_1,2019-10-24,2019-10-24 10:50:52.000000,v2001,    30408607,3,0,0,6330.0,1,2.2
232,    13447083,003,Zefeng_1,2019-10-24,2019-10-24 10:50:52.000000,p2001,    10479520,3,1,0,4944.0,1,2.75
233,    13472500,Plus,Zefeng_1,2019-10-24,2019-10-24 10:51:02.000000,a2001,    10479658,3,1,0,3399.0,1,2.2
234,    30929720,003,Zefeng_1,2019-10-24,2019-10-24 10:51:06.000000,jm2001,    30409666,3,1,0,1252.0,1,4.95792
235,2019102405933635,Plus,Zefeng_1,2019-10-24,2019-10-24 10:51:16.000000,ZC001,2019102401906686,4,1,0,553.8,1,4.4
236,2019102405978070,003,Zefeng_1,2019-10-24,2019-10-24 10:51:29.000000,TA001,2019102401909044,4,1,0,4896.0,5,16.5
237,2019102405978086,Plus,Zefeng_1,2019-10-24,2019-10-24 10:51:29.000000,TA001,2019102401909046,4,1,0,4896.0,1,3.3
238,    12598761,003,Zefeng_1,2019-10-24,2019-10-24 10:51:35.000000,zn1912,     1486786,2,1,0,18850.0,3,9.9
239,    12692458,003,Zefeng_1,2019-10-24,2019-10-24 10:51:35.000000,zn1912,     1486856,2,1,0,18850.0,3,9.9
240,    12692143,003,Zefeng_1,2019-10-24,2019-10-24 10:51:39.000000,rb2001,     1488609,2,0,0,3295.0,1,3.6245
241,    13501839,Plus,Zefeng_1,2019-10-24,2019-10-24 10:51:42.000000,a2001,    10481493,3,1,0,3398.0,1,2.2
242,    12254078,003,Zefeng_1,2019-10-24,2019-10-24 10:51:45.000000,pb1912,     1489127,2,0,0,16655.0,1,3.6641
243,    12692151,003,Zefeng_1,2019-10-24,2019-10-24 10:51:45.000000,pb1912,     1489134,2,0,0,16655.0,1,3.6641
244,    12572360,Plus,Zefeng_1,2019-10-24,2019-10-24 10:51:50.000000,bu1912,     1489468,2,1,0,2992.0,1,3.2912
245,    12692145,003,Zefeng_1,2019-10-24,2019-10-24 10:51:52.000000,hc2001,     1489741,2,1,0,3320.0,3,10.956
246,    13501842,Plus,Zefeng_1,2019-10-24,2019-10-24 10:52:00.000000,m2001,    10482036,3,0,0,3048.0,1,1.65
247,2019102405978149,Plus,Zefeng_1,2019-10-24,2019-10-24 10:52:02.000000,FG001,2019102401914901,4,0,0,1516.0,1,3.3
248,2019102405453616,003,Zefeng_1,2019-10-24,2019-10-24 10:52:07.000000,TA001,2019102401916350,4,1,0,4898.0,6,19.8
249,    12724146,003,Zefeng_1,2019-10-24,2019-10-24 10:52:16.000000,ni2001,     1491546,2,1,0,130880.0,1,6.6
250,2019102405994932,Plus,Zefeng_1,2019-10-24,2019-10-24 10:52:26.000000,RM001,2019102401920104,4,0,0,2355.0,1,1.65
251,    13501877,003,Zefeng_1,2019-10-24,2019-10-24 10:52:29.000000,p2001,    10483253,3,1,0,4942.0,1,2.75
252,    13514549,Plus,Zefeng_1,2019-10-24,2019-10-24 10:52:31.000000,jd2001,    10483343,3,0,0,4691.0,1,7.74015
253,2019102405487790,003,Zefeng_1,2019-10-24,2019-10-24 10:52:34.000000,TA001,2019102401922089,4,1,0,4898.0,6,19.8
254,2019102405487813,Plus,Zefeng_1,2019-10-24,2019-10-24 10:52:34.000000,TA001,2019102401922091,4,1,0,4898.0,1,3.3
255,    13464975,Plus,Zefeng_1,2019-10-24,2019-10-24 10:52:59.000000,jd2001,    10484322,3,0,0,4689.0,1,7.73685
256,    12324433,003,Zefeng_1,2019-10-24,2019-10-24 10:53:06.000000,zn1912,     1498071,2,1,0,18855.0,4,13.2
257,    12345002,Plus,Zefeng_1,2019-10-24,2019-10-24 10:53:06.000000,zn1912,     1498072,2,1,0,18855.0,1,3.3
258,    12570925,003,Zefeng_1,2019-10-24,2019-10-24 10:53:15.000000,pb1911,     1498790,2,0,0,16700.0,1,3.674
259,    12724151,003,Zefeng_1,2019-10-24,2019-10-24 10:53:15.000000,pb1911,     1498793,2,0,0,16700.0,1,3.674
260,2019102406016497,Plus,Zefeng_1,2019-10-24,2019-10-24 10:53:23.000000,MA001,2019102401931025,4,1,0,2130.0,1,2.2
261,    12391219,003,Zefeng_1,2019-10-24,2019-10-24 10:53:34.000000,zn1912,     1499991,2,1,0,18855.0,1,3.3
262,    30933076,003,Zefeng_1,2019-10-24,2019-10-24 10:53:35.000000,i2001,    30413465,3,0,0,622.0,1,4.1052
263,    12391219,003,Zefeng_1,2019-10-24,2019-10-24 10:53:35.000000,zn1912,     1500021,2,1,0,18855.0,1,3.3
264,    30933076,003,Zefeng_1,2019-10-24,2019-10-24 10:53:36.000000,i2001,    30413471,3,0,0,622.0,1,4.1052
265,    12391219,003,Zefeng_1,2019-10-24,2019-10-24 10:53:38.000000,zn1912,     1500218,2,1,0,18855.0,1,3.3
266,    12391219,003,Zefeng_1,2019-10-24,2019-10-24 10:53:42.000000,zn1912,     1500398,2,1,0,18855.0,1,3.3
267,    30936497,003,Zefeng_1,2019-10-24,2019-10-24 10:53:44.000000,l2001,    30413627,3,0,0,7350.0,1,2.2
268,    30940557,003,Zefeng_1,2019-10-24,2019-10-24 10:53:51.000000,pp2001,    30413748,3,1,0,8110.0,1,2.6763
269,    30940557,003,Zefeng_1,2019-10-24,2019-10-24 10:53:51.000000,pp2001,    30413750,3,1,0,8110.0,1,2.6763
270,    12572356,Plus,Zefeng_1,2019-10-24,2019-10-24 10:53:52.000000,ag1912,     1501033,2,1,0,4305.0,1,3.551625
271,    13521445,003,Zefeng_1,2019-10-24,2019-10-24 10:53:53.000000,y2001,    10486047,3,0,0,6084.0,1,2.75
272,    13537210,Plus,Zefeng_1,2019-10-24,2019-10-24 10:53:59.000000,m2001,    10486286,3,0,0,3048.0,1,1.65
273,    13537209,Plus,Zefeng_1,2019-10-24,2019-10-24 10:54:01.000000,a2001,    10486428,3,1,0,3401.0,1,2.2
274,    12456482,003,Zefeng_1,2019-10-24,2019-10-24 10:54:07.000000,zn1912,     1502092,2,1,0,18855.0,1,3.3
275,    12456482,003,Zefeng_1,2019-10-24,2019-10-24 10:54:14.000000,zn1912,     1502459,2,1,0,18855.0,1,3.3
276,    12456482,003,Zefeng_1,2019-10-24,2019-10-24 10:54:14.000000,zn1912,     1502513,2,1,0,18855.0,2,6.6
277,    13537221,003,Zefeng_1,2019-10-24,2019-10-24 10:54:15.000000,p2001,    10487089,3,1,0,4946.0,1,2.75
278,    12784892,003,Zefeng_1,2019-10-24,2019-10-24 10:54:15.000000,zn1912,     1502701,2,1,0,18855.0,1,3.3
279,    12784892,003,Zefeng_1,2019-10-24,2019-10-24 10:54:15.000000,zn1912,     1502702,2,1,0,18855.0,2,6.6
280,    12784740,003,Zefeng_1,2019-10-24,2019-10-24 10:54:26.000000,hc2001,     1503874,2,1,0,3318.0,3,10.9494
281,    13501841,Plus,Zefeng_1,2019-10-24,2019-10-24 10:54:37.000000,cs2001,    10487783,3,1,0,2196.0,1,1.65
282,2019102406007723,Plus,Zefeng_1,2019-10-24,2019-10-24 10:54:56.000000,ZC001,2019102401943042,4,1,0,553.8,1,4.4
283,    12457125,003,Zefeng_1,2019-10-24,2019-10-24 10:55:01.000000,al1912,     1507314,2,1,0,13830.0,1,3.3
284,2019102406026243,003,Zefeng_1,2019-10-24,2019-10-24 10:55:09.000000,TA001,2019102401945046,4,1,0,4898.0,1,3.3
285,2019102406026243,003,Zefeng_1,2019-10-24,2019-10-24 10:55:09.000000,TA001,2019102401945062,4,1,0,4898.0,1,3.3
286,2019102406026243,003,Zefeng_1,2019-10-24,2019-10-24 10:55:10.000000,TA001,2019102401945074,4,1,0,4898.0,1,3.3
287,2019102406026243,003,Zefeng_1,2019-10-24,2019-10-24 10:55:10.000000,TA001,2019102401945114,4,1,0,4898.0,1,3.3
288,2019102406026243,003,Zefeng_1,2019-10-24,2019-10-24 10:55:12.000000,TA001,2019102401945246,4,1,0,4898.0,1,3.3
289,2019102406026251,Plus,Zefeng_1,2019-10-24,2019-10-24 10:55:12.000000,TA001,2019102401945248,4,1,0,4898.0,1,3.3
290,    13537207,Plus,Zefeng_1,2019-10-24,2019-10-24 10:55:16.000000,cs2001,    10490183,3,1,0,2196.0,1,1.65
291,    30939958,003,Zefeng_1,2019-10-24,2019-10-24 10:55:19.000000,jm2001,    30416215,3,1,0,1253.0,1,4.96188
292,2019102406026294,Plus,Zefeng_1,2019-10-24,2019-10-24 10:55:43.000000,FG001,2019102401951498,4,0,0,1516.0,1,3.3
293,    30933080,003,Zefeng_1,2019-10-24,2019-10-24 10:56:04.000000,pp2001,    30417445,3,1,0,8116.0,2,5.35656
294,2019102406089706,003,Zefeng_1,2019-10-24,2019-10-24 10:56:41.000000,MA001,2019102401959602,4,0,0,2130.0,2,4.4
295,    30949976,003,Zefeng_1,2019-10-24,2019-10-24 10:56:41.000000,v2001,    30418090,3,0,0,6335.0,3,6.6
296,    30951009,003,Zefeng_1,2019-10-24,2019-10-24 10:56:51.000000,i2001,    30418907,3,0,0,623.0,1,4.1118
297,2019102406094463,003,Zefeng_1,2019-10-24,2019-10-24 10:56:57.000000,OI001,2019102401961028,4,0,0,7183.0,1,2.2
298,    13596482,Plus,Zefeng_1,2019-10-24,2019-10-24 10:57:06.000000,cs2001,    10495662,3,1,0,2195.0,1,1.65
299,    30952496,Plus,Zefeng_1,2019-10-24,2019-10-24 10:57:08.000000,v2001,    30419612,3,1,0,6330.0,1,2.2
300,    13600445,Plus,Zefeng_1,2019-10-24,2019-10-24 10:57:18.000000,c2001,    10496106,3,1,0,1831.0,1,1.32
301,2019102406101979,003,Zefeng_1,2019-10-24,2019-10-24 10:57:18.000000,MA001,2019102401962824,4,0,0,2130.0,1,2.2
302,    30953230,003,Zefeng_1,2019-10-24,2019-10-24 10:57:19.000000,v2001,    30419958,3,0,0,6335.0,3,6.6
303,2019102406107044,Plus,Zefeng_1,2019-10-24,2019-10-24 10:57:36.000000,FG001,2019102401964542,4,0,0,1516.0,1,3.3
304,    30954134,003,Zefeng_1,2019-10-24,2019-10-24 10:57:37.000000,i2001,    30420361,3,0,0,623.5,1,4.1151
305,2019102406114595,003,Zefeng_1,2019-10-24,2019-10-24 10:57:50.000000,OI001,2019102401966086,4,0,0,7186.0,1,2.2
306,2019102406115702,003,Zefeng_1,2019-10-24,2019-10-24 10:57:55.000000,MA001,2019102401966673,4,0,0,2130.0,1,2.2
307,    30955079,003,Zefeng_1,2019-10-24,2019-10-24 10:57:56.000000,v2001,    30420879,3,0,0,6335.0,1,2.2
308,    30955079,003,Zefeng_1,2019-10-24,2019-10-24 10:57:56.000000,v2001,    30420880,3,0,0,6335.0,2,4.4
309,    13605672,Plus,Zefeng_1,2019-10-24,2019-10-24 10:58:07.000000,cs2001,    10497156,3,1,0,2195.0,1,1.65
310,    12977999,003,Zefeng_1,2019-10-24,2019-10-24 10:58:07.000000,al1912,     1533563,2,1,0,13830.0,1,3.3
311,    13605721,003,Zefeng_1,2019-10-24,2019-10-24 10:58:08.000000,y2001,    10497162,3,0,0,6094.0,1,2.75
312,    30957143,Plus,Zefeng_1,2019-10-24,2019-10-24 10:58:09.000000,v2001,    30422388,3,1,0,6330.0,1,2.2
313,    30958420,003,Zefeng_1,2019-10-24,2019-10-24 10:58:23.000000,i2001,    30423011,3,0,0,624.0,1,4.1184
314,    13609373,Plus,Zefeng_1,2019-10-24,2019-10-24 10:58:32.000000,c2001,    10497937,3,1,0,1831.0,1,1.32
315,2019102406123545,003,Zefeng_1,2019-10-24,2019-10-24 10:58:32.000000,MA001,2019102401971025,4,0,0,2131.0,1,2.2
316,    30959389,003,Zefeng_1,2019-10-24,2019-10-24 10:58:33.000000,v2001,    30423652,3,0,0,6335.0,3,6.6
317,2019102406126361,003,Zefeng_1,2019-10-24,2019-10-24 10:58:42.000000,OI001,2019102401971970,4,0,0,7184.0,1,2.2
318,2019102406134433,Plus,Zefeng_1,2019-10-24,2019-10-24 10:59:07.000000,FG001,2019102401974529,4,0,0,1518.0,1,3.3
319,    13027857,003,Zefeng_1,2019-10-24,2019-10-24 10:59:07.000000,rb2001,     1539835,2,0,0,3306.0,1,3.6366
320,    13613500,Plus,Zefeng_1,2019-10-24,2019-10-24 10:59:08.000000,cs2001,    10498860,3,1,0,2195.0,1,1.65
321,    30962404,003,Zefeng_1,2019-10-24,2019-10-24 10:59:08.000000,i2001,    30425103,3,0,0,624.0,1,4.1184
322,2019102406134739,Plus,Zefeng_1,2019-10-24,2019-10-24 10:59:08.000000,ZC001,2019102401974634,4,1,0,554.4,1,4.4
323,2019102406135001,003,Zefeng_1,2019-10-24,2019-10-24 10:59:09.000000,MA001,2019102401974655,4,0,0,2130.0,1,2.2
324,    30962459,003,Zefeng_1,2019-10-24,2019-10-24 10:59:09.000000,v2001,    30425136,3,0,0,6335.0,3,6.6
325,    30962471,003,Zefeng_1,2019-10-24,2019-10-24 10:59:09.000000,l2001,    30425137,3,0,0,7350.0,1,2.2
326,    30962483,Plus,Zefeng_1,2019-10-24,2019-10-24 10:59:09.000000,v2001,    30425143,3,1,0,6330.0,1,2.2
327,    13029291,Plus,Zefeng_1,2019-10-24,2019-10-24 10:59:10.000000,al1912,     1539994,2,1,0,13825.0,1,3.3
328,2019102406141342,003,Zefeng_1,2019-10-24,2019-10-24 10:59:34.000000,OI001,2019102401977255,4,0,0,7182.0,1,2.2
329,    13624227,Plus,Zefeng_1,2019-10-24,2019-10-24 10:59:44.000000,c2001,    10500096,3,1,0,1831.0,1,1.32
330,2019102406143172,003,Zefeng_1,2019-10-24,2019-10-24 10:59:45.000000,MA001,2019102401978357,4,0,0,2130.0,1,2.2
331,    30965433,003,Zefeng_1,2019-10-24,2019-10-24 10:59:45.000000,v2001,    30426331,3,0,0,6335.0,3,6.6
332,    30966000,003,Zefeng_1,2019-10-24,2019-10-24 10:59:53.000000,i2001,    30426671,3,0,0,623.5,1,4.1151
333,    13630765,Plus,Zefeng_1,2019-10-24,2019-10-24 11:00:07.000000,cs2001,    10500959,3,1,0,2195.0,1,1.65
334,    13080007,003,Zefeng_1,2019-10-24,2019-10-24 11:00:07.000000,al1912,     1545717,2,1,0,13825.0,1,3.3
335,    13630954,003,Zefeng_1,2019-10-24,2019-10-24 11:00:08.000000,y2001,    10500987,3,0,0,6092.0,1,2.75
336,    30967770,Plus,Zefeng_1,2019-10-24,2019-10-24 11:00:08.000000,v2001,    30427677,3,1,0,6330.0,1,2.2
337,2019102406154594,003,Zefeng_1,2019-10-24,2019-10-24 11:00:20.000000,MA001,2019102401982400,4,0,0,2130.0,1,2.2
338,    30968692,003,Zefeng_1,2019-10-24,2019-10-24 11:00:20.000000,v2001,    30428003,3,0,0,6335.0,3,6.6
339,2019102406158769,003,Zefeng_1,2019-10-24,2019-10-24 11:00:24.000000,OI001,2019102401983204,4,0,0,7185.0,1,2.2
340,2019102406162798,Plus,Zefeng_1,2019-10-24,2019-10-24 11:00:36.000000,FG001,2019102401984580,4,0,0,1517.0,1,3.3
341,    30969685,003,Zefeng_1,2019-10-24,2019-10-24 11:00:37.000000,i2001,    30428318,3,0,0,623.5,1,4.1151
342,    13645873,Plus,Zefeng_1,2019-10-24,2019-10-24 11:00:54.000000,c2001,    10502595,3,1,0,1830.0,1,1.32
343,2019102406168369,003,Zefeng_1,2019-10-24,2019-10-24 11:00:55.000000,MA001,2019102401986216,4,0,0,2130.0,1,2.2
344,    30970550,003,Zefeng_1,2019-10-24,2019-10-24 11:00:55.000000,v2001,    30428633,3,0,0,6335.0,3,6.6
345,    13650083,Plus,Zefeng_1,2019-10-24,2019-10-24 11:01:06.000000,cs2001,    10502940,3,1,0,2195.0,1,1.65
346,    30971160,Plus,Zefeng_1,2019-10-24,2019-10-24 11:01:06.000000,v2001,    30428927,3,1,0,6330.0,1,2.2
347,2019102406175890,003,Zefeng_1,2019-10-24,2019-10-24 11:01:14.000000,OI001,2019102401987300,4,0,0,7180.0,1,2.2
348,    30971863,003,Zefeng_1,2019-10-24,2019-10-24 11:01:20.000000,i2001,    30429243,3,0,0,623.5,1,4.1151
349,2019102406183578,003,Zefeng_1,2019-10-24,2019-10-24 11:01:29.000000,MA001,2019102401988311,4,0,0,2129.0,1,2.2
350,    30972420,003,Zefeng_1,2019-10-24,2019-10-24 11:01:29.000000,v2001,    30429640,3,0,0,6335.0,1,2.2
351,    30972420,003,Zefeng_1,2019-10-24,2019-10-24 11:01:29.000000,v2001,    30429641,3,0,0,6335.0,1,2.2
352,2019102406191797,003,Zefeng_1,2019-10-24,2019-10-24 11:02:00.000000,MA001,2019102401990061,4,0,0,2129.0,1,2.2
353,    30973997,003,Zefeng_1,2019-10-24,2019-10-24 11:02:01.000000,v2001,    30430324,3,0,0,6335.0,2,4.4
354,    30974011,003,Zefeng_1,2019-10-24,2019-10-24 11:02:01.000000,i2001,    30430347,3,0,0,623.0,1,4.1118
355,2019102406192104,003,Zefeng_1,2019-10-24,2019-10-24 11:02:01.000000,OI001,2019102401990071,4,0,0,7184.0,1,2.2
356,    30974055,Plus,Zefeng_1,2019-10-24,2019-10-24 11:02:01.000000,v2001,    30430356,3,1,0,6330.0,1,2.2
357,    13659537,Plus,Zefeng_1,2019-10-24,2019-10-24 11:02:01.000000,cs2001,    10504491,3,1,0,2194.0,1,1.65
358,    13659555,Plus,Zefeng_1,2019-10-24,2019-10-24 11:02:02.000000,c2001,    10504525,3,1,0,1830.0,1,1.32
359,2019102406192263,Plus,Zefeng_1,2019-10-24,2019-10-24 11:02:02.000000,FG001,2019102401990113,4,0,0,1517.0,1,3.3
360,    13161224,003,Zefeng_1,2019-10-24,2019-10-24 11:02:03.000000,al1912,     1555314,2,1,0,13825.0,1,3.3
361,    13659715,003,Zefeng_1,2019-10-24,2019-10-24 11:02:03.000000,y2001,    10504561,3,0,0,6090.0,1,2.75
362,    13162397,Plus,Zefeng_1,2019-10-24,2019-10-24 11:02:04.000000,al1912,     1555452,2,1,0,13825.0,1,3.3
363,2019102406192841,Plus,Zefeng_1,2019-10-24,2019-10-24 11:02:05.000000,ZC001,2019102401990229,4,1,0,554.2,1,4.4
364,    13162534,003,Zefeng_1,2019-10-24,2019-10-24 11:02:05.000000,rb2001,     1555461,2,0,0,3302.0,1,3.6322
365,    30974245,003,Zefeng_1,2019-10-24,2019-10-24 11:02:05.000000,l2001,    30430441,3,0,0,7355.0,1,2.2
366,    13164682,Plus,Zefeng_1,2019-10-24,2019-10-24 11:02:09.000000,cu1912,     1555666,2,1,0,47360.0,1,13.024
367,    13164683,Plus,Zefeng_1,2019-10-24,2019-10-24 11:02:09.000000,ru2001,     1555667,2,1,0,11845.0,1,5.863275
368,    13660033,Plus,Zefeng_1,2019-10-24,2019-10-24 11:02:09.000000,p2001,    10504653,3,0,0,4952.0,1,2.75
369,2019102406193978,Plus,Zefeng_1,2019-10-24,2019-10-24 11:02:10.000000,OI001,2019102401990577,4,0,0,7184.0,1,2.2
370,    30974575,Plus,Zefeng_1,2019-10-24,2019-10-24 11:02:10.000000,pp2001,    30430629,3,1,0,8107.0,1,2.67531
371,    13165187,003,Zefeng_1,2019-10-24,2019-10-24 11:02:10.000000,sn2001,     1555713,2,0,0,138220.0,1,3.3
372,2019102406194053,Plus,Zefeng_1,2019-10-24,2019-10-24 11:02:10.000000,CF001,2019102401990586,4,1,0,12740.0,1,4.73
373,    13165264,003,Zefeng_1,2019-10-24,2019-10-24 11:02:10.000000,cu1912,     1555721,2,0,0,47370.0,1,13.02675
374,    13660106,Plus,Zefeng_1,2019-10-24,2019-10-24 11:02:10.000000,jd2001,    10504670,3,0,0,4696.0,1,7.7484
375,    13165345,003,Zefeng_1,2019-10-24,2019-10-24 11:02:10.000000,pb1912,     1555726,2,0,0,16655.0,1,3.6641
0,    12042627,003,Zeyuan_1,2019-10-24,2019-10-24 10:31:00.000000,hc2001,     1417444,2,0,4,3318.0,4,14.5992
1,    30865173,003,Zeyuan_1,2019-10-24,2019-10-24 10:31:00.000000,pp2001,    30378588,3,0,4,8100.0,3,8.019
2,    13173415,Plus,Zeyuan_1,2019-10-24,2019-10-24 10:31:01.000000,m2001,    10434161,3,1,4,3050.0,2,3.3
3,    12042575,003,Zeyuan_1,2019-10-24,2019-10-24 10:31:01.000000,ni2001,     1417554,2,0,3,130580.0,1,6.6
4,    12042765,Plus,Zeyuan_1,2019-10-24,2019-10-24 10:31:02.000000,rb2001,     1417717,2,0,4,3290.0,1,3.619
5,    12043933,Plus,Zeyuan_1,2019-10-24,2019-10-24 10:31:02.000000,ru2001,     1417724,2,0,4,11860.0,1,5.8707
6,    12043935,Plus,Zeyuan_1,2019-10-24,2019-10-24 10:31:02.000000,hc2001,     1417725,2,0,4,3317.0,1,3.6487
7,    13174867,Plus,Zeyuan_1,2019-10-24,2019-10-24 10:31:02.000000,jd2001,    10434196,3,1,4,4684.0,1,7.7286
8,    30865287,003,Zeyuan_1,2019-10-24,2019-10-24 10:31:02.000000,j2001,    30378643,3,0,4,1765.5,1,11.6523
9,    12044658,003,Zeyuan_1,2019-10-24,2019-10-24 10:31:03.000000,sn2001,     1417808,2,1,4,137990.0,1,3.3
10,    30865204,Plus,Zeyuan_1,2019-10-24,2019-10-24 10:31:03.000000,pp2001,    30378672,3,0,4,8099.0,1,2.67267
11,    30865390,003,Zeyuan_1,2019-10-24,2019-10-24 10:31:04.000000,jm2001,    30378694,3,0,4,1250.5,1,4.95198
12,    13173269,003,Zeyuan_1,2019-10-24,2019-10-24 10:31:05.000000,p2001,    10434386,3,0,4,4916.0,2,5.5
13,    12043934,Plus,Zeyuan_1,2019-10-24,2019-10-24 10:31:09.000000,ag1912,     1418295,2,0,4,4305.0,1,3.551625
14,2019102405435964,Plus,Zeyuan_1,2019-10-24,2019-10-24 10:31:10.000000,ZC001,2019102401751064,4,0,4,554.2,1,4.4
15,    13174865,Plus,Zeyuan_1,2019-10-24,2019-10-24 10:31:12.000000,c2001,    10434632,3,0,4,1830.0,1,1.32
16,    13175167,Plus,Zeyuan_1,2019-10-24,2019-10-24 10:31:12.000000,cs2001,    10434687,3,0,4,2195.0,2,3.3
17,2019102405435398,Plus,Zeyuan_1,2019-10-24,2019-10-24 10:31:14.000000,CF001,2019102401751568,4,0,4,12785.0,1,4.73
18,2019102405435397,Plus,Zeyuan_1,2019-10-24,2019-10-24 10:31:16.000000,FG001,2019102401751856,4,1,4,1513.0,1,3.3
19,2019102405435397,Plus,Zeyuan_1,2019-10-24,2019-10-24 10:31:16.000000,FG001,2019102401751857,4,1,4,1513.0,1,3.3
20,    13174868,Plus,Zeyuan_1,2019-10-24,2019-10-24 10:31:18.000000,a2001,    10434774,3,0,4,3392.0,2,4.4
21,    30865389,003,Zeyuan_1,2019-10-24,2019-10-24 10:31:27.000000,l2001,    30379131,3,1,4,7345.0,1,2.2
22,2019102405435327,003,Zeyuan_1,2019-10-24,2019-10-24 10:31:33.000000,MA001,2019102401753905,4,1,4,2121.0,3,6.6
23,2019102405435818,Plus,Zeyuan_1,2019-10-24,2019-10-24 10:31:40.000000,SR001,2019102401754710,4,1,4,5504.0,1,3.3
24,    13174866,Plus,Zeyuan_1,2019-10-24,2019-10-24 10:31:44.000000,p2001,    10435690,3,1,4,4918.0,1,2.75
25,2019102405435819,Plus,Zeyuan_1,2019-10-24,2019-10-24 10:31:44.000000,OI001,2019102401755221,4,1,4,7152.0,1,2.2
26,2019102405435820,003,Zeyuan_1,2019-10-24,2019-10-24 10:31:44.000000,OI001,2019102401755223,4,1,4,7152.0,1,2.2
27,2019102405435820,003,Zeyuan_1,2019-10-24,2019-10-24 10:31:44.000000,OI001,2019102401755224,4,1,4,7152.0,1,2.2
28,    30865171,003,Zeyuan_1,2019-10-24,2019-10-24 10:31:45.000000,v2001,    30379734,3,1,4,6330.0,5,11.0
29,    30865171,003,Zeyuan_1,2019-10-24,2019-10-24 10:31:45.000000,v2001,    30379749,3,1,4,6330.0,5,11.0
30,    13173270,003,Zeyuan_1,2019-10-24,2019-10-24 10:32:04.000000,y2001,    10436287,3,1,4,6064.0,1,2.75
31,    12042574,003,Zeyuan_1,2019-10-24,2019-10-24 10:32:19.000000,cu1912,     1423362,2,1,4,47390.0,1,13.03225
32,    30865418,Plus,Zeyuan_1,2019-10-24,2019-10-24 10:32:33.000000,jm2001,    30380729,3,1,4,1251.0,1,4.95396
33,    12042577,003,Zeyuan_1,2019-10-24,2019-10-24 10:32:42.000000,al1912,     1424856,2,0,4,13830.0,1,3.3
34,    12042763,Plus,Zeyuan_1,2019-10-24,2019-10-24 10:32:42.000000,al1912,     1424858,2,0,4,13830.0,1,3.3
35,    12043930,Plus,Zeyuan_1,2019-10-24,2019-10-24 10:33:10.000000,cu1912,     1426442,2,0,4,47380.0,1,13.0295
36,2019102405435809,Plus,Zeyuan_1,2019-10-24,2019-10-24 10:33:15.000000,RM001,2019102401765043,4,1,4,2364.0,1,1.65
37,    30873761,003,Zeyuan_1,2019-10-24,2019-10-24 10:33:29.000000,pp2001,    30382609,3,0,4,8110.0,2,5.3526
38,2019102405480601,003,Zeyuan_1,2019-10-24,2019-10-24 10:33:35.000000,OI001,2019102401766946,4,1,4,7157.0,1,2.2
39,2019102405480601,003,Zeyuan_1,2019-10-24,2019-10-24 10:33:35.000000,OI001,2019102401766947,4,1,4,7157.0,1,2.2
40,    12126233,003,Zeyuan_1,2019-10-24,2019-10-24 10:33:47.000000,rb2001,     1428242,2,1,4,3289.0,1,3.6179
41,    12126967,003,Zeyuan_1,2019-10-24,2019-10-24 10:33:49.000000,zn1912,     1428374,2,0,4,18850.0,4,13.2
42,    13217926,Plus,Zeyuan_1,2019-10-24,2019-10-24 10:33:55.000000,a2001,    10440944,3,0,4,3394.0,1,2.2
43,2019102405480548,Plus,Zeyuan_1,2019-10-24,2019-10-24 10:33:58.000000,FG001,2019102401768619,4,1,4,1513.0,1,3.3
44,2019102405480548,Plus,Zeyuan_1,2019-10-24,2019-10-24 10:33:58.000000,FG001,2019102401768620,4,1,4,1513.0,1,3.3
45,    12128269,003,Zeyuan_1,2019-10-24,2019-10-24 10:34:01.000000,pb1912,     1428854,2,1,4,16660.0,1,3.6652
46,    13231018,003,Zeyuan_1,2019-10-24,2019-10-24 10:34:34.000000,y2001,    10442521,3,1,4,6074.0,1,2.75
47,2019102405488443,Plus,Zeyuan_1,2019-10-24,2019-10-24 10:34:48.000000,ZC001,2019102401772801,4,0,4,554.0,1,4.4
48,    13217827,Plus,Zeyuan_1,2019-10-24,2019-10-24 10:35:05.000000,m2001,    10443957,3,1,4,3053.0,2,3.3
49,    12187121,003,Zeyuan_1,2019-10-24,2019-10-24 10:35:09.000000,ni2001,     1432071,2,0,3,130580.0,1,6.6
50,2019102405505679,Plus,Zeyuan_1,2019-10-24,2019-10-24 10:35:09.000000,RM001,2019102401775412,4,1,4,2364.0,1,1.65
51,    30874701,003,Zeyuan_1,2019-10-24,2019-10-24 10:35:14.000000,jm2001,    30385340,3,0,4,1250.5,1,4.95198
52,2019102405480637,Plus,Zeyuan_1,2019-10-24,2019-10-24 10:35:16.000000,TA001,2019102401776159,4,0,4,4896.0,1,3.3
53,2019102405480793,003,Zeyuan_1,2019-10-24,2019-10-24 10:35:16.000000,TA001,2019102401776163,4,0,4,4896.0,1,3.3
54,2019102405480793,003,Zeyuan_1,2019-10-24,2019-10-24 10:35:16.000000,TA001,2019102401776164,4,0,4,4896.0,1,3.3
55,2019102405480793,003,Zeyuan_1,2019-10-24,2019-10-24 10:35:16.000000,TA001,2019102401776165,4,0,4,4896.0,1,3.3
56,2019102405480793,003,Zeyuan_1,2019-10-24,2019-10-24 10:35:16.000000,TA001,2019102401776166,4,0,4,4896.0,1,3.3
57,2019102405480793,003,Zeyuan_1,2019-10-24,2019-10-24 10:35:16.000000,TA001,2019102401776167,4,0,4,4896.0,1,3.3
58,2019102405480793,003,Zeyuan_1,2019-10-24,2019-10-24 10:35:16.000000,TA001,2019102401776168,4,0,4,4896.0,1,3.3
59,    12126235,003,Zeyuan_1,2019-10-24,2019-10-24 10:35:18.000000,hc2001,     1432545,2,0,4,3314.0,3,10.9362
60,2019102405435821,Plus,Zeyuan_1,2019-10-24,2019-10-24 10:35:31.000000,TA001,2019102401777787,4,0,4,4894.0,1,3.3
61,2019102405435909,003,Zeyuan_1,2019-10-24,2019-10-24 10:35:31.000000,TA001,2019102401777789,4,0,4,4894.0,1,3.3
62,2019102405435909,003,Zeyuan_1,2019-10-24,2019-10-24 10:35:31.000000,TA001,2019102401777790,4,0,4,4894.0,1,3.3
63,2019102405435909,003,Zeyuan_1,2019-10-24,2019-10-24 10:35:32.000000,TA001,2019102401777802,4,0,4,4894.0,1,3.3
64,2019102405435909,003,Zeyuan_1,2019-10-24,2019-10-24 10:35:41.000000,TA001,2019102401778265,4,0,4,4894.0,2,6.6
65,2019102405435909,003,Zeyuan_1,2019-10-24,2019-10-24 10:35:41.000000,TA001,2019102401778266,4,0,4,4894.0,1,3.3
66,    13238314,Plus,Zeyuan_1,2019-10-24,2019-10-24 10:35:44.000000,jd2001,    10445401,3,1,4,4687.0,1,7.73355
67,    12195440,003,Zeyuan_1,2019-10-24,2019-10-24 10:35:46.000000,pb1911,     1434580,2,1,4,16705.0,1,3.6751
68,2019102405523867,003,Zeyuan_1,2019-10-24,2019-10-24 10:35:57.000000,OI001,2019102401778920,4,1,4,7162.0,1,2.2
69,2019102405523867,003,Zeyuan_1,2019-10-24,2019-10-24 10:35:57.000000,OI001,2019102401778921,4,1,4,7162.0,1,2.2
70,    12216142,003,Zeyuan_1,2019-10-24,2019-10-24 10:36:00.000000,hc2001,     1435367,2,0,4,3313.0,3,10.9329
71,    30882747,003,Zeyuan_1,2019-10-24,2019-10-24 10:36:00.000000,pp2001,    30387169,3,0,4,8107.0,2,5.35062
72,    13247723,Plus,Zeyuan_1,2019-10-24,2019-10-24 10:36:01.000000,m2001,    10446122,3,1,4,3054.0,1,1.65
73,    12216498,003,Zeyuan_1,2019-10-24,2019-10-24 10:36:05.000000,cu1912,     1435766,2,1,4,47370.0,1,13.02675
74,2019102405523890,Plus,Zeyuan_1,2019-10-24,2019-10-24 10:36:07.000000,TA001,2019102401779672,4,0,4,4894.0,1,3.3
75,2019102405523960,003,Zeyuan_1,2019-10-24,2019-10-24 10:36:07.000000,TA001,2019102401779676,4,0,4,4894.0,1,3.3
76,2019102405523960,003,Zeyuan_1,2019-10-24,2019-10-24 10:36:07.000000,TA001,2019102401779677,4,0,4,4894.0,2,6.6
77,2019102405523960,003,Zeyuan_1,2019-10-24,2019-10-24 10:36:07.000000,TA001,2019102401779678,4,0,4,4894.0,1,3.3
78,2019102405523960,003,Zeyuan_1,2019-10-24,2019-10-24 10:36:07.000000,TA001,2019102401779679,4,0,4,4894.0,1,3.3
79,2019102405523960,003,Zeyuan_1,2019-10-24,2019-10-24 10:36:07.000000,TA001,2019102401779680,4,0,4,4894.0,1,3.3
80,    30882746,003,Zeyuan_1,2019-10-24,2019-10-24 10:36:23.000000,i2001,    30387716,3,1,4,619.5,2,8.1774
81,    12216137,003,Zeyuan_1,2019-10-24,2019-10-24 10:36:23.000000,rb2001,     1436775,2,1,4,3288.0,1,3.6168
82,2019102405435382,Plus,Zeyuan_1,2019-10-24,2019-10-24 10:36:28.000000,MA001,2019102401781687,4,0,4,2120.0,1,2.2
83,2019102405484887,Plus,Zeyuan_1,2019-10-24,2019-10-24 10:36:28.000000,MA001,2019102401781960,4,0,4,2120.0,1,2.2
84,    30873760,003,Zeyuan_1,2019-10-24,2019-10-24 10:36:28.000000,i2001,    30387955,3,1,4,620.0,2,8.184
85,    12043936,Plus,Zeyuan_1,2019-10-24,2019-10-24 10:36:36.000000,bu1912,     1437883,2,0,4,2992.0,1,3.2912
86,    30878737,Plus,Zeyuan_1,2019-10-24,2019-10-24 10:36:42.000000,v2001,    30388394,3,0,4,6330.0,1,2.2
87,2019102405548971,Plus,Zeyuan_1,2019-10-24,2019-10-24 10:37:23.000000,SR001,2019102401788604,4,1,4,5506.0,1,3.3
88,    12147082,003,Zeyuan_1,2019-10-24,2019-10-24 10:37:27.000000,al1912,     1441725,2,0,4,13830.0,1,3.3
89,2019102405548898,Plus,Zeyuan_1,2019-10-24,2019-10-24 10:37:30.000000,MA001,2019102401790811,4,0,4,2119.0,1,2.2
90,    13258447,Plus,Zeyuan_1,2019-10-24,2019-10-24 10:38:06.000000,c2001,    10453696,3,0,4,1832.0,1,1.32
91,    13220857,Plus,Zeyuan_1,2019-10-24,2019-10-24 10:38:06.000000,c2001,    10453815,3,0,4,1831.0,1,1.32
92,    13247867,Plus,Zeyuan_1,2019-10-24,2019-10-24 10:38:12.000000,cs2001,    10454043,3,0,4,2196.0,2,3.3
93,    12298152,003,Zeyuan_1,2019-10-24,2019-10-24 10:38:24.000000,rb2001,     1444624,2,1,4,3289.0,1,3.6179
94,2019102405621117,003,Zeyuan_1,2019-10-24,2019-10-24 10:38:25.000000,OI001,2019102401800579,4,1,4,7173.0,1,2.2
95,2019102405621117,003,Zeyuan_1,2019-10-24,2019-10-24 10:38:25.000000,OI001,2019102401800580,4,1,4,7173.0,1,2.2
96,    30890044,003,Zeyuan_1,2019-10-24,2019-10-24 10:38:26.000000,pp2001,    30390401,3,0,4,8105.0,2,5.3493
97,    12299577,003,Zeyuan_1,2019-10-24,2019-10-24 10:38:28.000000,pb1912,     1444825,2,1,4,16660.0,1,3.6652
98,    13303094,003,Zeyuan_1,2019-10-24,2019-10-24 10:38:32.000000,p2001,    10455581,3,0,4,4932.0,1,2.75
99,    12218022,003,Zeyuan_1,2019-10-24,2019-10-24 10:38:34.000000,pb1912,     1445033,2,1,4,16665.0,1,3.6663
100,    13303274,Plus,Zeyuan_1,2019-10-24,2019-10-24 10:38:40.000000,m2001,    10455925,3,1,4,3056.0,1,1.65
101,    30890045,003,Zeyuan_1,2019-10-24,2019-10-24 10:39:05.000000,i2001,    30391120,3,1,4,620.5,2,8.1906
102,    13304279,Plus,Zeyuan_1,2019-10-24,2019-10-24 10:39:06.000000,a2001,    10456768,3,0,4,3395.0,1,2.2
103,    12216584,Plus,Zeyuan_1,2019-10-24,2019-10-24 10:39:07.000000,al1912,     1446785,2,0,4,13830.0,1,3.3
104,    30892284,003,Zeyuan_1,2019-10-24,2019-10-24 10:39:20.000000,l2001,    30391428,3,1,4,7350.0,1,2.2
105,    13321514,Plus,Zeyuan_1,2019-10-24,2019-10-24 10:39:21.000000,jd2001,    10457315,3,1,4,4690.0,1,7.7385
106,    12320080,003,Zeyuan_1,2019-10-24,2019-10-24 10:39:26.000000,ni2001,     1447568,2,0,3,130510.0,1,6.6
107,    12261153,003,Zeyuan_1,2019-10-24,2019-10-24 10:39:27.000000,al1912,     1447592,2,0,4,13830.0,1,3.3
108,2019102405604876,Plus,Zeyuan_1,2019-10-24,2019-10-24 10:39:40.000000,ZC001,2019102401810385,4,0,4,554.0,1,4.4
109,    12320870,Plus,Zeyuan_1,2019-10-24,2019-10-24 10:40:28.000000,zn1912,     1450532,2,0,4,18850.0,1,3.3
110,    13286290,003,Zeyuan_1,2019-10-24,2019-10-24 10:40:32.000000,y2001,    10459762,3,1,4,6078.0,1,2.75
111,    30865172,003,Zeyuan_1,2019-10-24,2019-10-24 10:40:35.000000,i2001,    30393276,3,1,4,621.0,3,12.2958
112,    30865203,Plus,Zeyuan_1,2019-10-24,2019-10-24 10:40:35.000000,i2001,    30393277,3,1,3,621.0,1,4.0986
113,2019102405697849,Plus,Zeyuan_1,2019-10-24,2019-10-24 10:40:36.000000,MA001,2019102401815272,4,0,4,2117.0,1,2.2
114,    12344731,003,Zeyuan_1,2019-10-24,2019-10-24 10:40:43.000000,al1912,     1451199,2,0,4,13830.0,1,3.3
115,    12320868,Plus,Zeyuan_1,2019-10-24,2019-10-24 10:40:49.000000,hc2001,     1451520,2,0,4,3316.0,1,3.6476
116,2019102405714347,003,Zeyuan_1,2019-10-24,2019-10-24 10:40:52.000000,OI001,2019102401821128,4,1,4,7185.0,1,2.2
117,2019102405714347,003,Zeyuan_1,2019-10-24,2019-10-24 10:40:52.000000,OI001,2019102401821129,4,1,4,7185.0,1,2.2
118,    12367128,003,Zeyuan_1,2019-10-24,2019-10-24 10:40:52.000000,pb1912,     1451659,2,1,4,16670.0,1,3.6674
119,    30897415,003,Zeyuan_1,2019-10-24,2019-10-24 10:40:52.000000,pp2001,    30393953,3,0,4,8103.0,1,2.67399
120,    30897415,003,Zeyuan_1,2019-10-24,2019-10-24 10:40:54.000000,pp2001,    30393968,3,0,4,8103.0,1,2.67399
121,    12366260,003,Zeyuan_1,2019-10-24,2019-10-24 10:40:54.000000,rb2001,     1451768,2,1,4,3289.0,1,3.6179
122,2019102405713814,003,Zeyuan_1,2019-10-24,2019-10-24 10:40:54.000000,MA001,2019102401821879,4,1,4,2116.0,1,2.2
123,2019102405713814,003,Zeyuan_1,2019-10-24,2019-10-24 10:40:54.000000,MA001,2019102401821880,4,1,4,2116.0,2,4.4
124,2019102405667869,Plus,Zeyuan_1,2019-10-24,2019-10-24 10:40:57.000000,RM001,2019102401822575,4,1,4,2366.0,1,1.65
125,    13351136,Plus,Zeyuan_1,2019-10-24,2019-10-24 10:41:01.000000,a2001,    10460446,3,0,4,3396.0,1,2.2
126,    12321313,003,Zeyuan_1,2019-10-24,2019-10-24 10:41:10.000000,sn2001,     1452350,2,1,4,137970.0,1,3.3
127,    13351076,003,Zeyuan_1,2019-10-24,2019-10-24 10:41:18.000000,p2001,    10460975,3,0,4,4936.0,1,2.75
128,    30892194,Plus,Zeyuan_1,2019-10-24,2019-10-24 10:41:21.000000,v2001,    30394445,3,0,4,6330.0,1,2.2
129,2019102405620904,003,Zeyuan_1,2019-10-24,2019-10-24 10:41:24.000000,MA001,2019102401825452,4,1,4,2119.0,1,2.2
130,2019102405620904,003,Zeyuan_1,2019-10-24,2019-10-24 10:41:24.000000,MA001,2019102401825453,4,1,4,2119.0,1,2.2
131,2019102405620904,003,Zeyuan_1,2019-10-24,2019-10-24 10:41:24.000000,MA001,2019102401825455,4,1,4,2119.0,1,2.2
132,    13321490,Plus,Zeyuan_1,2019-10-24,2019-10-24 10:41:35.000000,c2001,    10461503,3,0,4,1832.0,1,1.32
133,    13304859,Plus,Zeyuan_1,2019-10-24,2019-10-24 10:41:35.000000,cs2001,    10461564,3,0,4,2196.0,2,3.3
134,    13351215,Plus,Zeyuan_1,2019-10-24,2019-10-24 10:41:35.000000,cs2001,    10461582,3,0,4,2196.0,2,3.3
135,2019102405523795,003,Zeyuan_1,2019-10-24,2019-10-24 10:41:36.000000,MA001,2019102401826917,4,1,4,2121.0,1,2.2
136,2019102405523795,003,Zeyuan_1,2019-10-24,2019-10-24 10:41:36.000000,MA001,2019102401826918,4,1,4,2121.0,1,2.2
137,2019102405523795,003,Zeyuan_1,2019-10-24,2019-10-24 10:41:36.000000,MA001,2019102401826919,4,1,4,2121.0,1,2.2
138,    12325276,003,Zeyuan_1,2019-10-24,2019-10-24 10:41:37.000000,pb1911,     1453301,2,1,4,16715.0,1,3.6773
139,2019102405669476,Plus,Zeyuan_1,2019-10-24,2019-10-24 10:41:52.000000,CF001,2019102401828584,4,0,4,12755.0,1,4.73
140,2019102405480497,003,Zeyuan_1,2019-10-24,2019-10-24 10:41:54.000000,MA001,2019102401828735,4,1,4,2122.0,1,2.2
141,2019102405480497,003,Zeyuan_1,2019-10-24,2019-10-24 10:41:54.000000,MA001,2019102401828736,4,1,4,2122.0,2,4.4
142,    13362483,003,Zeyuan_1,2019-10-24,2019-10-24 10:41:59.000000,y2001,    10462205,3,1,4,6076.0,1,2.75
143,2019102405731230,Plus,Zeyuan_1,2019-10-24,2019-10-24 10:42:05.000000,ZC001,2019102401830487,4,0,4,554.0,1,4.4
144,    12320872,Plus,Zeyuan_1,2019-10-24,2019-10-24 10:42:35.000000,bu1912,     1455694,2,0,4,2992.0,1,3.2912
145,    12366261,003,Zeyuan_1,2019-10-24,2019-10-24 10:42:35.000000,hc2001,     1455727,2,0,4,3315.0,3,10.9395
146,    12298166,003,Zeyuan_1,2019-10-24,2019-10-24 10:42:37.000000,hc2001,     1455975,2,0,4,3314.0,3,10.9362
147,    12044900,Plus,Zeyuan_1,2019-10-24,2019-10-24 10:42:56.000000,sn2001,     1456869,2,1,4,138000.0,1,3.3
148,    30897414,003,Zeyuan_1,2019-10-24,2019-10-24 10:43:06.000000,i2001,    30396350,3,1,4,621.0,2,8.1972
149,    30903974,003,Zeyuan_1,2019-10-24,2019-10-24 10:43:17.000000,pp2001,    30396461,3,0,4,8108.0,2,5.35128
150,2019102405763779,003,Zeyuan_1,2019-10-24,2019-10-24 10:43:18.000000,MA001,2019102401838984,4,1,3,2124.0,1,2.2
151,2019102405763779,003,Zeyuan_1,2019-10-24,2019-10-24 10:43:18.000000,MA001,2019102401838985,4,1,3,2124.0,1,2.2
152,    12426494,003,Zeyuan_1,2019-10-24,2019-10-24 10:43:21.000000,hc2001,     1457851,2,0,4,3314.0,3,10.9362
153,    13385861,003,Zeyuan_1,2019-10-24,2019-10-24 10:43:22.000000,p2001,    10463748,3,0,4,4936.0,1,2.75
154,    30904101,003,Zeyuan_1,2019-10-24,2019-10-24 10:43:22.000000,l2001,    30396669,3,1,4,7350.0,1,2.2
155,    12426491,003,Zeyuan_1,2019-10-24,2019-10-24 10:43:26.000000,rb2001,     1458068,2,1,4,3289.0,1,3.6179
156,    30904478,Plus,Zeyuan_1,2019-10-24,2019-10-24 10:43:30.000000,jm2001,    30396816,3,1,4,1251.5,1,4.95594
157,2019102405763961,003,Zeyuan_1,2019-10-24,2019-10-24 10:43:35.000000,OI001,2019102401843794,4,1,4,7184.0,1,2.2
158,2019102405763961,003,Zeyuan_1,2019-10-24,2019-10-24 10:43:35.000000,OI001,2019102401843795,4,1,4,7184.0,1,2.2
159,2019102405765495,Plus,Zeyuan_1,2019-10-24,2019-10-24 10:43:35.000000,OI001,2019102401843808,4,1,4,7184.0,1,2.2
160,    13386040,Plus,Zeyuan_1,2019-10-24,2019-10-24 10:43:36.000000,cs2001,    10464283,3,0,4,2196.0,2,3.3
161,    30903973,003,Zeyuan_1,2019-10-24,2019-10-24 10:43:56.000000,i2001,    30397513,3,1,4,621.0,2,8.1972
162,    12366703,003,Zeyuan_1,2019-10-24,2019-10-24 10:43:56.000000,cu1912,     1459170,2,1,4,47370.0,1,13.02675
163,    30878964,003,Zeyuan_1,2019-10-24,2019-10-24 10:43:58.000000,l2001,    30398167,3,1,4,7355.0,1,2.2
164,    12366862,Plus,Zeyuan_1,2019-10-24,2019-10-24 10:44:06.000000,al1912,     1460046,2,0,4,13825.0,1,3.3
165,    12426624,003,Zeyuan_1,2019-10-24,2019-10-24 10:44:06.000000,al1912,     1460051,2,0,4,13825.0,1,3.3
166,    12320896,Plus,Zeyuan_1,2019-10-24,2019-10-24 10:44:10.000000,ag1912,     1460324,2,0,4,4304.0,1,3.5508
167,2019102405764357,Plus,Zeyuan_1,2019-10-24,2019-10-24 10:44:18.000000,SR001,2019102401849016,4,1,4,5511.0,1,3.3
168,    13374617,Plus,Zeyuan_1,2019-10-24,2019-10-24 10:44:26.000000,c2001,    10467398,3,0,4,1832.0,1,1.32
169,    13386007,Plus,Zeyuan_1,2019-10-24,2019-10-24 10:44:45.000000,jd2001,    10468427,3,1,4,4690.0,1,7.7385
170,    30911270,003,Zeyuan_1,2019-10-24,2019-10-24 10:45:21.000000,jm2001,    30402075,3,0,4,1251.5,1,4.95594
171,2019102405799668,Plus,Zeyuan_1,2019-10-24,2019-10-24 10:45:25.000000,ZC001,2019102401858949,4,0,4,554.0,1,4.4
172,2019102405839275,003,Zeyuan_1,2019-10-24,2019-10-24 10:45:43.000000,OI001,2019102401862497,4,1,4,7180.0,1,2.2
173,    30915737,003,Zeyuan_1,2019-10-24,2019-10-24 10:45:46.000000,pp2001,    30402945,3,0,4,8110.0,2,5.3526
174,2019102405763936,Plus,Zeyuan_1,2019-10-24,2019-10-24 10:45:46.000000,MA001,2019102401862900,4,0,4,2123.0,1,2.2
175,    30904342,Plus,Zeyuan_1,2019-10-24,2019-10-24 10:45:49.000000,pp2001,    30402993,3,0,4,8109.0,1,2.67597
176,    13428399,Plus,Zeyuan_1,2019-10-24,2019-10-24 10:45:53.000000,a2001,    10471522,3,0,4,3398.0,1,2.2
177,    12500031,003,Zeyuan_1,2019-10-24,2019-10-24 10:45:55.000000,zn1912,     1464710,2,0,4,18850.0,1,3.3
178,    12500031,003,Zeyuan_1,2019-10-24,2019-10-24 10:45:55.000000,zn1912,     1464711,2,0,4,18850.0,2,6.6
179,    12499813,003,Zeyuan_1,2019-10-24,2019-10-24 10:46:02.000000,hc2001,     1465222,2,0,4,3315.0,3,10.9395
180,    12499803,003,Zeyuan_1,2019-10-24,2019-10-24 10:46:07.000000,rb2001,     1465686,2,1,4,3289.0,1,3.6179
181,    13428302,Plus,Zeyuan_1,2019-10-24,2019-10-24 10:46:11.000000,m2001,    10472099,3,1,4,3052.0,1,1.65
182,    12216600,003,Zeyuan_1,2019-10-24,2019-10-24 10:46:11.000000,zn1912,     1466234,2,0,4,18845.0,1,3.3
183,2019102405839057,003,Zeyuan_1,2019-10-24,2019-10-24 10:46:16.000000,MA001,2019102401866588,4,1,3,2125.0,1,2.2
184,2019102405839057,003,Zeyuan_1,2019-10-24,2019-10-24 10:46:16.000000,MA001,2019102401866589,4,1,3,2125.0,1,2.2
185,2019102405839968,Plus,Zeyuan_1,2019-10-24,2019-10-24 10:46:26.000000,TA001,2019102401867838,4,0,4,4894.0,1,3.3
186,2019102405840685,003,Zeyuan_1,2019-10-24,2019-10-24 10:46:26.000000,TA001,2019102401867840,4,0,4,4894.0,1,3.3
187,2019102405840685,003,Zeyuan_1,2019-10-24,2019-10-24 10:46:26.000000,TA001,2019102401867841,4,0,4,4894.0,2,6.6
188,2019102405840685,003,Zeyuan_1,2019-10-24,2019-10-24 10:46:26.000000,TA001,2019102401867842,4,0,4,4894.0,1,3.3
189,2019102405840685,003,Zeyuan_1,2019-10-24,2019-10-24 10:46:26.000000,TA001,2019102401867843,4,0,4,4894.0,1,3.3
190,2019102405523823,Plus,Zeyuan_1,2019-10-24,2019-10-24 10:46:27.000000,FG001,2019102401868012,4,1,4,1514.0,1,3.3
191,2019102405621011,Plus,Zeyuan_1,2019-10-24,2019-10-24 10:46:27.000000,FG001,2019102401868179,4,1,4,1514.0,1,3.3
192,2019102405714153,Plus,Zeyuan_1,2019-10-24,2019-10-24 10:46:27.000000,FG001,2019102401868218,4,1,4,1514.0,1,3.3
193,2019102405763902,Plus,Zeyuan_1,2019-10-24,2019-10-24 10:46:27.000000,FG001,2019102401868255,4,1,4,1514.0,1,3.3
194,2019102405839146,Plus,Zeyuan_1,2019-10-24,2019-10-24 10:46:27.000000,FG001,2019102401868305,4,1,4,1514.0,1,3.3
195,    12500469,003,Zeyuan_1,2019-10-24,2019-10-24 10:46:40.000000,cu1912,     1467688,2,1,4,47370.0,1,13.02675
196,    30904053,Plus,Zeyuan_1,2019-10-24,2019-10-24 10:46:42.000000,v2001,    30404197,3,0,4,6330.0,1,2.2
197,    13451682,Plus,Zeyuan_1,2019-10-24,2019-10-24 10:47:21.000000,jd2001,    10473934,3,1,4,4688.0,1,7.7352
198,    12216600,003,Zeyuan_1,2019-10-24,2019-10-24 10:47:26.000000,zn1912,     1468906,2,0,4,18845.0,1,3.3
199,    12216600,003,Zeyuan_1,2019-10-24,2019-10-24 10:47:40.000000,zn1912,     1469325,2,0,4,18845.0,1,3.3
200,    12547376,003,Zeyuan_1,2019-10-24,2019-10-24 10:47:42.000000,ni2001,     1469396,2,0,3,130450.0,1,6.6
201,    12548480,Plus,Zeyuan_1,2019-10-24,2019-10-24 10:47:51.000000,bu1912,     1469711,2,0,4,2992.0,1,3.2912
202,2019102405890220,Plus,Zeyuan_1,2019-10-24,2019-10-24 10:47:58.000000,CF001,2019102401877223,4,0,3,12745.0,1,0.0
203,    12216600,003,Zeyuan_1,2019-10-24,2019-10-24 10:48:01.000000,zn1912,     1470085,2,0,4,18845.0,1,3.3
204,2019102405901359,003,Zeyuan_1,2019-10-24,2019-10-24 10:48:07.000000,MA001,2019102401878623,4,1,3,2126.0,1,2.2
205,2019102405901359,003,Zeyuan_1,2019-10-24,2019-10-24 10:48:07.000000,MA001,2019102401878624,4,1,3,2126.0,1,2.2
206,    30922044,003,Zeyuan_1,2019-10-24,2019-10-24 10:48:11.000000,pp2001,    30405242,3,0,4,8112.0,1,2.67696
207,    30922044,003,Zeyuan_1,2019-10-24,2019-10-24 10:48:11.000000,pp2001,    30405243,3,0,4,8112.0,1,2.67696
208,2019102405901650,003,Zeyuan_1,2019-10-24,2019-10-24 10:48:14.000000,OI001,2019102401879057,4,1,4,7180.0,1,2.2
209,2019102405902082,Plus,Zeyuan_1,2019-10-24,2019-10-24 10:48:21.000000,TA001,2019102401880055,4,0,4,4894.0,1,3.3
210,2019102405902375,003,Zeyuan_1,2019-10-24,2019-10-24 10:48:21.000000,TA001,2019102401880057,4,0,4,4894.0,1,3.3
211,2019102405902375,003,Zeyuan_1,2019-10-24,2019-10-24 10:48:21.000000,TA001,2019102401880058,4,0,4,4894.0,1,3.3
212,2019102405902375,003,Zeyuan_1,2019-10-24,2019-10-24 10:48:21.000000,TA001,2019102401880059,4,0,4,4894.0,2,6.6
213,2019102405902375,003,Zeyuan_1,2019-10-24,2019-10-24 10:48:21.000000,TA001,2019102401880060,4,0,4,4894.0,1,3.3
214,    12548798,003,Zeyuan_1,2019-10-24,2019-10-24 10:48:26.000000,sn2001,     1470988,2,1,4,138170.0,1,3.3
215,    12565730,003,Zeyuan_1,2019-10-24,2019-10-24 10:48:29.000000,rb2001,     1471243,2,1,4,3290.0,1,3.619
216,2019102405860216,Plus,Zeyuan_1,2019-10-24,2019-10-24 10:48:50.000000,MA001,2019102401882686,4,0,3,2124.0,1,2.2
217,2019102405913793,Plus,Zeyuan_1,2019-10-24,2019-10-24 10:49:17.000000,ZC001,2019102401884852,4,0,4,553.8,1,4.4
218,    30915736,003,Zeyuan_1,2019-10-24,2019-10-24 10:49:34.000000,i2001,    30406003,3,1,4,621.0,2,8.1972
219,    30922042,003,Zeyuan_1,2019-10-24,2019-10-24 10:49:34.000000,i2001,    30406138,3,1,4,621.0,2,8.1972
220,    12042573,003,Zeyuan_1,2019-10-24,2019-10-24 10:49:35.000000,rb2001,     1475240,2,1,4,3292.0,2,7.2424
221,2019102405901486,Plus,Zeyuan_1,2019-10-24,2019-10-24 10:49:48.000000,FG001,2019102401887839,4,1,4,1516.0,1,3.3
222,    13465728,003,Zeyuan_1,2019-10-24,2019-10-24 10:49:56.000000,y2001,    10477773,3,1,4,6080.0,1,2.75
223,2019102405932452,Plus,Zeyuan_1,2019-10-24,2019-10-24 10:49:57.000000,SR001,2019102401889127,4,1,4,5511.0,1,3.3
224,    30925573,003,Zeyuan_1,2019-10-24,2019-10-24 10:50:02.000000,jm2001,    30406796,3,0,4,1251.5,1,4.95594
225,    13411216,003,Zeyuan_1,2019-10-24,2019-10-24 10:50:13.000000,y2001,    10478395,3,1,4,6084.0,1,2.75
226,    30920375,003,Zeyuan_1,2019-10-24,2019-10-24 10:50:13.000000,l2001,    30406999,3,1,4,7355.0,1,2.2
227,    12550002,003,Zeyuan_1,2019-10-24,2019-10-24 10:50:18.000000,pb1911,     1478990,2,1,4,16705.0,1,3.6751
228,    13461252,Plus,Zeyuan_1,2019-10-24,2019-10-24 10:50:22.000000,a2001,    10478684,3,0,4,3397.0,1,2.2
229,2019102405953354,003,Zeyuan_1,2019-10-24,2019-10-24 10:50:28.000000,MA001,2019102401896707,4,1,3,2127.0,1,2.2
230,2019102405953354,003,Zeyuan_1,2019-10-24,2019-10-24 10:50:28.000000,MA001,2019102401896708,4,1,3,2127.0,1,2.2
231,2019102405953390,003,Zeyuan_1,2019-10-24,2019-10-24 10:50:29.000000,OI001,2019102401896786,4,1,4,7179.0,1,2.2
232,    30920338,Plus,Zeyuan_1,2019-10-24,2019-10-24 10:50:30.000000,v2001,    30407984,3,0,4,6330.0,1,2.2
233,    13483888,Plus,Zeyuan_1,2019-10-24,2019-10-24 10:50:34.000000,cs2001,    10478892,3,0,4,2196.0,1,1.65
234,    13479656,Plus,Zeyuan_1,2019-10-24,2019-10-24 10:50:34.000000,c2001,    10478931,3,0,4,1832.0,1,1.32
235,    30927600,003,Zeyuan_1,2019-10-24,2019-10-24 10:50:38.000000,pp2001,    30408155,3,0,4,8115.0,2,5.3559
236,    12651762,003,Zeyuan_1,2019-10-24,2019-10-24 10:50:40.000000,hc2001,     1480461,2,0,3,3319.0,2,7.3018
237,    12651762,003,Zeyuan_1,2019-10-24,2019-10-24 10:50:41.000000,hc2001,     1480481,2,0,3,3319.0,2,7.3018
238,    13483779,003,Zeyuan_1,2019-10-24,2019-10-24 10:50:48.000000,p2001,    10479323,3,0,4,4942.0,1,2.75
239,    12651761,003,Zeyuan_1,2019-10-24,2019-10-24 10:50:54.000000,rb2001,     1481535,2,1,4,3296.0,1,3.6256
240,    30927599,003,Zeyuan_1,2019-10-24,2019-10-24 10:50:58.000000,i2001,    30408949,3,1,4,622.0,2,8.2104
241,    12605373,003,Zeyuan_1,2019-10-24,2019-10-24 10:51:00.000000,al1912,     1481905,2,0,4,13825.0,1,3.3
242,    13218107,Plus,Zeyuan_1,2019-10-24,2019-10-24 10:51:04.000000,cs2001,    10479705,3,0,4,2195.0,2,3.3
243,2019102405953361,Plus,Zeyuan_1,2019-10-24,2019-10-24 10:51:04.000000,FG001,2019102401902837,4,1,4,1516.0,1,3.3
244,    12682308,003,Zeyuan_1,2019-10-24,2019-10-24 10:51:16.000000,ni2001,     1484753,2,0,3,130840.0,1,6.6
245,2019102405974439,Plus,Zeyuan_1,2019-10-24,2019-10-24 10:51:23.000000,RM001,2019102401907907,4,1,4,2358.0,1,1.65
246,    13483871,Plus,Zeyuan_1,2019-10-24,2019-10-24 10:51:24.000000,a2001,    10480803,3,0,4,3397.0,1,2.2
247,    13495232,Plus,Zeyuan_1,2019-10-24,2019-10-24 10:51:46.000000,jd2001,    10481567,3,1,4,4693.0,1,7.74345
248,2019102405983629,Plus,Zeyuan_1,2019-10-24,2019-10-24 10:51:58.000000,ZC001,2019102401914274,4,0,4,553.6,1,4.4
249,    13506944,003,Zeyuan_1,2019-10-24,2019-10-24 10:52:29.000000,y2001,    10483160,3,1,4,6082.0,1,2.75
250,    12653108,003,Zeyuan_1,2019-10-24,2019-10-24 10:52:33.000000,cu1912,     1494404,2,1,4,47370.0,1,13.02675
251,    12746077,003,Zeyuan_1,2019-10-24,2019-10-24 10:52:50.000000,hc2001,     1495997,2,0,3,3317.0,4,14.5948
252,2019102406007428,Plus,Zeyuan_1,2019-10-24,2019-10-24 10:52:53.000000,FG001,2019102401926842,4,1,4,1516.0,1,3.3
253,    30938145,003,Zeyuan_1,2019-10-24,2019-10-24 10:52:54.000000,pp2001,    30412909,3,0,4,8113.0,2,5.35458
254,2019102406007395,003,Zeyuan_1,2019-10-24,2019-10-24 10:52:54.000000,MA001,2019102401926945,4,1,3,2130.0,1,2.2
255,2019102406007395,003,Zeyuan_1,2019-10-24,2019-10-24 10:52:54.000000,MA001,2019102401926946,4,1,3,2130.0,1,2.2
256,    13521293,Plus,Zeyuan_1,2019-10-24,2019-10-24 10:52:56.000000,m2001,    10484189,3,1,4,3048.0,1,1.65
257,    12746429,003,Zeyuan_1,2019-10-24,2019-10-24 10:53:23.000000,pb1912,     1499309,2,1,3,16660.0,1,0.0
258,    13521279,003,Zeyuan_1,2019-10-24,2019-10-24 10:53:31.000000,p2001,    10485387,3,0,4,4944.0,1,2.75
259,2019102405994090,Plus,Zeyuan_1,2019-10-24,2019-10-24 10:53:59.000000,MA001,2019102401935395,4,0,3,2128.0,1,2.2
260,    30938142,003,Zeyuan_1,2019-10-24,2019-10-24 10:54:01.000000,i2001,    30413950,3,1,4,622.5,1,4.1085
261,    30932058,Plus,Zeyuan_1,2019-10-24,2019-10-24 10:54:21.000000,v2001,    30414499,3,0,4,6330.0,1,2.2
262,    12746076,003,Zeyuan_1,2019-10-24,2019-10-24 10:54:34.000000,rb2001,     1505019,2,1,3,3295.0,1,3.6245
263,2019102406007458,003,Zeyuan_1,2019-10-24,2019-10-24 10:54:45.000000,OI001,2019102401941317,4,1,3,7181.0,1,0.0
264,    30946914,003,Zeyuan_1,2019-10-24,2019-10-24 10:55:41.000000,v2001,    30416913,3,1,4,6330.0,9,19.8
265,    12857999,003,Zeyuan_1,2019-10-24,2019-10-24 10:55:41.000000,zn1912,     1510743,2,0,4,18860.0,2,6.6
266,    12857999,003,Zeyuan_1,2019-10-24,2019-10-24 10:55:41.000000,zn1912,     1510744,2,0,4,18860.0,1,3.3
267,2019102406068162,003,Zeyuan_1,2019-10-24,2019-10-24 10:55:42.000000,TA001,2019102401951394,4,0,4,4904.0,1,3.3
268,2019102406068162,003,Zeyuan_1,2019-10-24,2019-10-24 10:55:42.000000,TA001,2019102401951395,4,0,4,4904.0,1,3.3
269,2019102406068162,003,Zeyuan_1,2019-10-24,2019-10-24 10:55:42.000000,TA001,2019102401951397,4,0,4,4904.0,1,3.3
270,    13569399,003,Zeyuan_1,2019-10-24,2019-10-24 10:56:06.000000,p2001,    10493184,3,0,4,4954.0,1,2.75
271,    12874824,003,Zeyuan_1,2019-10-24,2019-10-24 10:56:06.000000,pb1912,     1513394,2,1,4,16660.0,1,3.6652
272,2019102406082601,Plus,Zeyuan_1,2019-10-24,2019-10-24 10:56:18.000000,TA001,2019102401957420,4,0,4,4900.0,1,3.3
273,    30948968,003,Zeyuan_1,2019-10-24,2019-10-24 10:56:19.000000,v2001,    30417847,3,1,4,6330.0,9,19.8
274,    30948971,003,Zeyuan_1,2019-10-24,2019-10-24 10:56:19.000000,jm2001,    30417849,3,0,4,1254.0,1,4.96584
275,    12883496,003,Zeyuan_1,2019-10-24,2019-10-24 10:56:19.000000,zn1912,     1514843,2,0,4,18860.0,3,9.9
276,2019102406083034,003,Zeyuan_1,2019-10-24,2019-10-24 10:56:19.000000,TA001,2019102401957494,4,0,4,4902.0,1,3.3
277,2019102406083034,003,Zeyuan_1,2019-10-24,2019-10-24 10:56:19.000000,TA001,2019102401957495,4,0,4,4902.0,1,3.3
278,2019102406083034,003,Zeyuan_1,2019-10-24,2019-10-24 10:56:19.000000,TA001,2019102401957496,4,0,4,4902.0,1,3.3
279,    13574951,Plus,Zeyuan_1,2019-10-24,2019-10-24 10:56:19.000000,cs2001,    10493872,3,0,4,2196.0,1,1.65
280,    13585334,Plus,Zeyuan_1,2019-10-24,2019-10-24 10:56:36.000000,m2001,    10494737,3,1,4,3050.0,1,1.65
281,    30951299,003,Zeyuan_1,2019-10-24,2019-10-24 10:56:56.000000,v2001,    30418997,3,1,4,6330.0,1,2.2
282,    30951299,003,Zeyuan_1,2019-10-24,2019-10-24 10:56:56.000000,v2001,    30418998,3,1,4,6330.0,1,2.2
283,    30951299,003,Zeyuan_1,2019-10-24,2019-10-24 10:56:56.000000,v2001,    30418999,3,1,4,6330.0,7,15.4
284,    12913230,003,Zeyuan_1,2019-10-24,2019-10-24 10:56:56.000000,zn1912,     1520432,2,0,4,18865.0,3,9.9
285,2019102406094255,003,Zeyuan_1,2019-10-24,2019-10-24 10:56:56.000000,TA001,2019102401960806,4,0,4,4900.0,1,3.3
286,2019102406094255,003,Zeyuan_1,2019-10-24,2019-10-24 10:56:56.000000,TA001,2019102401960807,4,0,4,4900.0,1,3.3
287,2019102406094255,003,Zeyuan_1,2019-10-24,2019-10-24 10:56:56.000000,TA001,2019102401960808,4,0,4,4900.0,1,3.3
288,    13596642,Plus,Zeyuan_1,2019-10-24,2019-10-24 10:57:07.000000,a2001,    10495673,3,0,4,3403.0,1,2.2
289,    13596661,003,Zeyuan_1,2019-10-24,2019-10-24 10:57:07.000000,p2001,    10495676,3,0,4,4952.0,1,2.75
290,    12925014,003,Zeyuan_1,2019-10-24,2019-10-24 10:57:07.000000,pb1912,     1524111,2,1,4,16665.0,1,3.6663
291,    13596704,Plus,Zeyuan_1,2019-10-24,2019-10-24 10:57:08.000000,c2001,    10495682,3,0,4,1832.0,1,1.32
292,    12927733,003,Zeyuan_1,2019-10-24,2019-10-24 10:57:11.000000,pb1911,     1524478,2,1,4,16695.0,1,3.6729
293,2019102406106198,Plus,Zeyuan_1,2019-10-24,2019-10-24 10:57:31.000000,TA001,2019102401963954,4,0,4,4900.0,1,3.3
294,    30953915,003,Zeyuan_1,2019-10-24,2019-10-24 10:57:32.000000,jm2001,    30420278,3,0,4,1254.5,1,4.96782
295,    13602716,Plus,Zeyuan_1,2019-10-24,2019-10-24 10:57:32.000000,cs2001,    10496413,3,0,4,2196.0,1,1.65
296,    30953951,003,Zeyuan_1,2019-10-24,2019-10-24 10:57:33.000000,v2001,    30420288,3,1,4,6330.0,8,17.6
297,    30953951,003,Zeyuan_1,2019-10-24,2019-10-24 10:57:33.000000,v2001,    30420289,3,1,4,6330.0,1,2.2
298,    12948648,003,Zeyuan_1,2019-10-24,2019-10-24 10:57:32.000000,zn1912,     1527287,2,0,4,18865.0,2,6.6
299,    12948648,003,Zeyuan_1,2019-10-24,2019-10-24 10:57:32.000000,zn1912,     1527288,2,0,4,18865.0,1,3.3
300,2019102406106395,003,Zeyuan_1,2019-10-24,2019-10-24 10:57:32.000000,TA001,2019102401964031,4,0,4,4900.0,1,3.3
301,2019102406106395,003,Zeyuan_1,2019-10-24,2019-10-24 10:57:32.000000,TA001,2019102401964032,4,0,4,4900.0,1,3.3
302,2019102406106395,003,Zeyuan_1,2019-10-24,2019-10-24 10:57:32.000000,TA001,2019102401964033,4,0,4,4900.0,1,3.3
303,    13605695,Plus,Zeyuan_1,2019-10-24,2019-10-24 10:58:07.000000,m2001,    10497160,3,1,4,3050.0,1,1.65
304,    13605713,003,Zeyuan_1,2019-10-24,2019-10-24 10:58:08.000000,p2001,    10497161,3,0,4,4956.0,1,2.75
305,    12978264,003,Zeyuan_1,2019-10-24,2019-10-24 10:58:08.000000,pb1912,     1533608,2,1,3,16660.0,1,0.0
306,    12978284,003,Zeyuan_1,2019-10-24,2019-10-24 10:58:08.000000,al1912,     1533614,2,0,4,13835.0,1,3.3
307,    30957129,003,Zeyuan_1,2019-10-24,2019-10-24 10:58:09.000000,v2001,    30422377,3,1,4,6330.0,1,2.2
308,    30957129,003,Zeyuan_1,2019-10-24,2019-10-24 10:58:09.000000,v2001,    30422378,3,1,4,6330.0,1,2.2
309,    30957129,003,Zeyuan_1,2019-10-24,2019-10-24 10:58:09.000000,v2001,    30422379,3,1,4,6330.0,1,2.2
310,    30957129,003,Zeyuan_1,2019-10-24,2019-10-24 10:58:09.000000,v2001,    30422380,3,1,4,6330.0,3,6.6
311,    30957129,003,Zeyuan_1,2019-10-24,2019-10-24 10:58:09.000000,v2001,    30422381,3,1,4,6330.0,1,2.2
312,    30957129,003,Zeyuan_1,2019-10-24,2019-10-24 10:58:09.000000,v2001,    30422382,3,1,4,6330.0,2,4.4
313,    12979009,003,Zeyuan_1,2019-10-24,2019-10-24 10:58:09.000000,zn1912,     1533721,2,0,4,18865.0,1,3.3
314,    12979009,003,Zeyuan_1,2019-10-24,2019-10-24 10:58:09.000000,zn1912,     1533722,2,0,4,18865.0,1,3.3
315,    12979009,003,Zeyuan_1,2019-10-24,2019-10-24 10:58:09.000000,zn1912,     1533723,2,0,4,18865.0,1,3.3
316,2019102406117980,Plus,Zeyuan_1,2019-10-24,2019-10-24 10:58:09.000000,RM001,2019102401968018,4,1,4,2356.0,1,1.65
317,2019102406118000,003,Zeyuan_1,2019-10-24,2019-10-24 10:58:09.000000,TA001,2019102401968029,4,0,4,4900.0,1,3.3
318,2019102406118000,003,Zeyuan_1,2019-10-24,2019-10-24 10:58:09.000000,TA001,2019102401968031,4,0,4,4900.0,1,3.3
319,2019102406118000,003,Zeyuan_1,2019-10-24,2019-10-24 10:58:09.000000,TA001,2019102401968032,4,0,4,4900.0,1,3.3
320,    12979396,Plus,Zeyuan_1,2019-10-24,2019-10-24 10:58:09.000000,al1912,     1533783,2,0,4,13835.0,1,3.3
321,    12982151,Plus,Zeyuan_1,2019-10-24,2019-10-24 10:58:12.000000,zn1912,     1534193,2,0,4,18865.0,1,3.3
322,2019102406127212,Plus,Zeyuan_1,2019-10-24,2019-10-24 10:58:43.000000,TA001,2019102401972019,4,0,4,4900.0,1,3.3
323,    30960231,003,Zeyuan_1,2019-10-24,2019-10-24 10:58:44.000000,jm2001,    30423992,3,0,4,1255.5,1,4.97178
324,    13610438,Plus,Zeyuan_1,2019-10-24,2019-10-24 10:58:44.000000,cs2001,    10498317,3,0,4,2196.0,1,1.65
325,    30960287,003,Zeyuan_1,2019-10-24,2019-10-24 10:58:45.000000,v2001,    30424009,3,1,4,6330.0,1,2.2
326,    30960287,003,Zeyuan_1,2019-10-24,2019-10-24 10:58:45.000000,v2001,    30424010,3,1,4,6330.0,1,2.2
327,    30960287,003,Zeyuan_1,2019-10-24,2019-10-24 10:58:45.000000,v2001,    30424011,3,1,4,6330.0,1,2.2
328,    30960287,003,Zeyuan_1,2019-10-24,2019-10-24 10:58:45.000000,v2001,    30424012,3,1,4,6330.0,2,4.4
329,    30960287,003,Zeyuan_1,2019-10-24,2019-10-24 10:58:45.000000,v2001,    30424013,3,1,4,6330.0,1,2.2
330,    30960287,003,Zeyuan_1,2019-10-24,2019-10-24 10:58:45.000000,v2001,    30424014,3,1,4,6330.0,1,2.2
331,    30960287,003,Zeyuan_1,2019-10-24,2019-10-24 10:58:45.000000,v2001,    30424015,3,1,4,6330.0,1,2.2
332,    30960287,003,Zeyuan_1,2019-10-24,2019-10-24 10:58:45.000000,v2001,    30424016,3,1,4,6330.0,1,2.2
333,    13009795,003,Zeyuan_1,2019-10-24,2019-10-24 10:58:45.000000,zn1912,     1537640,2,0,4,18865.0,1,3.3
334,    13009795,003,Zeyuan_1,2019-10-24,2019-10-24 10:58:45.000000,zn1912,     1537641,2,0,4,18865.0,1,3.3
335,2019102406127627,003,Zeyuan_1,2019-10-24,2019-10-24 10:58:45.000000,TA001,2019102401972080,4,0,4,4900.0,1,3.3
336,2019102406127627,003,Zeyuan_1,2019-10-24,2019-10-24 10:58:45.000000,TA001,2019102401972081,4,0,4,4900.0,1,3.3
337,2019102406127627,003,Zeyuan_1,2019-10-24,2019-10-24 10:58:45.000000,TA001,2019102401972082,4,0,4,4900.0,1,3.3
338,    13613189,Plus,Zeyuan_1,2019-10-24,2019-10-24 10:59:07.000000,a2001,    10498821,3,0,4,3403.0,1,2.2
339,    13613195,003,Zeyuan_1,2019-10-24,2019-10-24 10:59:07.000000,p2001,    10498823,3,0,4,4950.0,1,2.75
340,    13027868,003,Zeyuan_1,2019-10-24,2019-10-24 10:59:07.000000,pb1912,     1539836,2,1,3,16650.0,1,0.0
341,    13613406,Plus,Zeyuan_1,2019-10-24,2019-10-24 10:59:08.000000,c2001,    10498859,3,0,4,1832.0,1,1.32
342,    13028774,003,Zeyuan_1,2019-10-24,2019-10-24 10:59:09.000000,pb1911,     1539950,2,1,4,16690.0,1,3.6718
343,    30963613,003,Zeyuan_1,2019-10-24,2019-10-24 10:59:20.000000,v2001,    30425656,3,1,4,6330.0,5,11.0
344,    30963613,003,Zeyuan_1,2019-10-24,2019-10-24 10:59:20.000000,v2001,    30425657,3,1,4,6330.0,1,2.2
345,    30963613,003,Zeyuan_1,2019-10-24,2019-10-24 10:59:20.000000,v2001,    30425658,3,1,4,6330.0,3,6.6
346,    13035029,003,Zeyuan_1,2019-10-24,2019-10-24 10:59:20.000000,zn1912,     1540695,2,0,4,18865.0,2,6.6
347,2019102406139342,003,Zeyuan_1,2019-10-24,2019-10-24 10:59:20.000000,TA001,2019102401975879,4,0,4,4898.0,1,3.3
348,2019102406139342,003,Zeyuan_1,2019-10-24,2019-10-24 10:59:20.000000,TA001,2019102401975880,4,0,4,4898.0,1,3.3
349,2019102406139342,003,Zeyuan_1,2019-10-24,2019-10-24 10:59:20.000000,TA001,2019102401975881,4,0,4,4898.0,1,3.3
350,    13622667,Plus,Zeyuan_1,2019-10-24,2019-10-24 10:59:37.000000,m2001,    10499749,3,1,4,3050.0,1,1.65
351,2019102406146275,Plus,Zeyuan_1,2019-10-24,2019-10-24 10:59:54.000000,TA001,2019102401979189,4,0,4,4898.0,1,3.3
352,    30966072,003,Zeyuan_1,2019-10-24,2019-10-24 10:59:54.000000,jm2001,    30426701,3,0,4,1255.5,1,4.97178
353,    13627683,Plus,Zeyuan_1,2019-10-24,2019-10-24 10:59:54.000000,cs2001,    10500392,3,0,4,2196.0,1,1.65
354,    13063355,003,Zeyuan_1,2019-10-24,2019-10-24 10:59:55.000000,zn1912,     1543547,2,0,4,18865.0,2,6.6
355,    30966121,003,Zeyuan_1,2019-10-24,2019-10-24 10:59:55.000000,v2001,    30426718,3,1,4,6330.0,2,4.4
356,    30966121,003,Zeyuan_1,2019-10-24,2019-10-24 10:59:55.000000,v2001,    30426719,3,1,4,6330.0,6,13.2
357,2019102406146699,003,Zeyuan_1,2019-10-24,2019-10-24 10:59:55.000000,TA001,2019102401979268,4,0,3,4898.0,1,0.0
358,2019102406146699,003,Zeyuan_1,2019-10-24,2019-10-24 10:59:55.000000,TA001,2019102401979269,4,0,3,4898.0,1,0.0
359,2019102406146699,003,Zeyuan_1,2019-10-24,2019-10-24 10:59:55.000000,TA001,2019102401979270,4,0,3,4898.0,1,0.0
360,    13630256,003,Zeyuan_1,2019-10-24,2019-10-24 11:00:06.000000,p2001,    10500763,3,0,4,4950.0,1,2.75
361,    13078333,003,Zeyuan_1,2019-10-24,2019-10-24 11:00:06.000000,pb1912,     1545497,2,1,3,16645.0,1,0.0
362,    13097145,003,Zeyuan_1,2019-10-24,2019-10-24 11:00:29.000000,zn1912,     1547653,2,0,4,18870.0,2,6.6
363,    30969285,003,Zeyuan_1,2019-10-24,2019-10-24 11:00:29.000000,v2001,    30428179,3,1,4,6330.0,5,11.0
364,    30969285,003,Zeyuan_1,2019-10-24,2019-10-24 11:00:29.000000,v2001,    30428180,3,1,4,6330.0,3,6.6
365,2019102406159384,003,Zeyuan_1,2019-10-24,2019-10-24 11:00:29.000000,TA001,2019102401983705,4,0,3,4898.0,1,0.0
366,2019102406159384,003,Zeyuan_1,2019-10-24,2019-10-24 11:00:29.000000,TA001,2019102401983706,4,0,3,4898.0,1,0.0
367,    13117096,003,Zeyuan_1,2019-10-24,2019-10-24 11:01:00.000000,zn1912,     1550352,2,0,4,18870.0,2,6.6
368,2019102406170234,003,Zeyuan_1,2019-10-24,2019-10-24 11:01:00.000000,TA001,2019102401986601,4,0,3,4898.0,1,0.0
369,2019102406170234,003,Zeyuan_1,2019-10-24,2019-10-24 11:01:00.000000,TA001,2019102401986602,4,0,3,4898.0,1,0.0
370,    30970839,003,Zeyuan_1,2019-10-24,2019-10-24 11:01:01.000000,v2001,    30428736,3,1,4,6330.0,8,17.6
371,    13117525,003,Zeyuan_1,2019-10-24,2019-10-24 11:01:01.000000,pb1912,     1550390,2,1,3,16645.0,1,0.0
372,    13648821,003,Zeyuan_1,2019-10-24,2019-10-24 11:01:01.000000,p2001,    10502780,3,0,4,4950.0,1,2.75
373,2019102406170595,Plus,Zeyuan_1,2019-10-24,2019-10-24 11:01:01.000000,TA001,2019102401986656,4,0,4,4898.0,1,3.3
374,    30970879,003,Zeyuan_1,2019-10-24,2019-10-24 11:01:02.000000,jm2001,    30428756,3,0,4,1256.0,1,4.97376
375,    13648881,Plus,Zeyuan_1,2019-10-24,2019-10-24 11:01:02.000000,cs2001,    10502788,3,0,4,2196.0,1,1.65
376,    13649054,Plus,Zeyuan_1,2019-10-24,2019-10-24 11:01:02.000000,m2001,    10502800,3,1,4,3050.0,1,1.65
377,    13118627,003,Zeyuan_1,2019-10-24,2019-10-24 11:01:03.000000,pb1911,     1550486,2,1,4,16690.0,1,3.6718
378,    13649147,Plus,Zeyuan_1,2019-10-24,2019-10-24 11:01:03.000000,c2001,    10502816,3,0,4,1831.0,1,1.32
379,    13649148,Plus,Zeyuan_1,2019-10-24,2019-10-24 11:01:03.000000,a2001,    10502817,3,0,4,3403.0,1,2.2
380,    13119593,Plus,Zeyuan_1,2019-10-24,2019-10-24 11:01:04.000000,zn1912,     1550638,2,0,3,18870.0,1,0.0
381,    13119618,Plus,Zeyuan_1,2019-10-24,2019-10-24 11:01:04.000000,al1912,     1550642,2,0,4,13830.0,1,3.3
382,    13119722,003,Zeyuan_1,2019-10-24,2019-10-24 11:01:05.000000,al1912,     1550653,2,0,4,13830.0,1,3.3
383,2019102406172223,Plus,Zeyuan_1,2019-10-24,2019-10-24 11:01:05.000000,RM001,2019102401986839,4,1,4,2356.0,1,1.65
384,    13121898,Plus,Zeyuan_1,2019-10-24,2019-10-24 11:01:09.000000,au1912,     1550967,2,0,4,341.4,1,11.0
385,    30971311,Plus,Zeyuan_1,2019-10-24,2019-10-24 11:01:09.000000,l2001,    30428994,3,0,4,7355.0,1,2.2
386,    13122476,Plus,Zeyuan_1,2019-10-24,2019-10-24 11:01:10.000000,hc2001,     1551167,2,0,4,3324.0,1,3.6564
387,    13122477,Plus,Zeyuan_1,2019-10-24,2019-10-24 11:01:10.000000,ag1912,     1551168,2,0,4,4304.0,1,3.5508
388,    30971367,003,Zeyuan_1,2019-10-24,2019-10-24 11:01:10.000000,l2001,    30429025,3,1,4,7350.0,1,2.2
389,    30971368,Plus,Zeyuan_1,2019-10-24,2019-10-24 11:01:10.000000,v2001,    30429026,3,0,4,6335.0,1,2.2
390,    30971369,003,Zeyuan_1,2019-10-24,2019-10-24 11:01:10.000000,i2001,    30429027,3,1,3,623.0,1,4.1118
391,2019102406174159,Plus,Zeyuan_1,2019-10-24,2019-10-24 11:01:10.000000,MA001,2019102401987093,4,0,3,2130.0,1,2.2
392,    13122669,003,Zeyuan_1,2019-10-24,2019-10-24 11:01:10.000000,hc2001,     1551248,2,0,4,3324.0,1,3.6564
393,    13126140,003,Zeyuan_1,2019-10-24,2019-10-24 11:01:16.000000,ni2001,     1551779,2,0,3,131470.0,1,6.6
